641601,641601,641601,641601,641601,641601,641601,641601,641601,641601,641601,641601,641601,641601,641601,641601,641601,641601,641601,641601,641601,641601,641601,641601,641601,641601,641601,641601,641601,641601,641601,641601,641601,641601,641601,641601,641601,641601,641601,641601,641601,641601,641601,641601,641601,641601,641601,641601,641601,641601,641601,641601,641601,641601,641601,641601,641601,641601,641601,641601,641601,641601,641601,641601,641601,641601,641601,641601,641601,641601,641601,641601,641601,641601,641601,641601,641601,641601,641601,641601,641601,641601,641601,641601,641601,641601,641601,641601,641601,641601,641601,641601,641601,641601,641601,641601,641601,641601,641601,641601
0,0,0,0,0,0,0,0,0,0,0,0,0,0,0,0,0,0,0,0,0,0,0,0,0,0,0,0,0,0,0,0,0,0,0,0,0,0,0,0,0,0,0,0,0,0,0,0,0,0,0,0,0,0,0,0,0,0,0,0,0,0,0,0,0,0,0,0,0,0,0,0,0,0,0,0,0,0,0,0,0,0,0,0,0,0,0,0,0,0,0,0,0,0,0,0,0,0,0,0
1614,377,4422,1878,5191,5193,5196,28,278,1215,2102,4962,1562,633,5282,0,2102,1257,425,4763,4599,1614,370,1110,902,1141,1636,2096,1681,0,2072,0,5180,0,1033,5112,1148,5070,5176,264,1065,999,5060,0,1304,4599,5092,0,4427,1478,0,0,1722,1614,1709,4735,1225,4584,1864,52,923,5282,1878,901,1293,4510,955,5261,1035,0,1118,4822,942,1144,370,3234,5100,2191,1614,5170,5125,5112,5113,0,982,5187,1017,486,4478,1646,1681,4964,4766,1321,4964,1563,0,209,1068,4734
0,0,0,0,267,288,0,0,0,0,0,8,0,2850,450,0,0,0,0,0,1432,0,0,0,0,0,0,0,0,992,0,0,0,0,0,141,0,91,243,0,0,0,43,1438,0,1432,119,0,0,0,0,0,0,0,0,1322,0,1454,0,0,0,450,0,0,0,0,0,527,0,0,0,1216,0,0,0,0,151,0,0,0,0,141,0,0,0,305,0,0,0,0,0,16,1304,0,16,0,1517,2722,0,0
1468,1580,1980,1454,2285,2289,2290,2193,1804,1419,1471,2196,1454,1037,2364,1218,1471,1431,1521,2075,2306,1468,1621,1437,1553,1432,1460,1470,1469,1518,1464,1350,2290,1324,1448,2248,1430,2228,2271,1798,1436,1490,2220,901,1424,2306,2235,2517,1978,1441,1583,2505,1487,1468,1487,2307,1421,2317,1471,2147,1538,2364,1456,1557,1416,2004,1546,2387,1447,1583,1446,2345,1541,1430,1621,1684,2246,1482,1468,2261,2199,2248,2221,1355,1522,2291,1448,1493,2007,1453,1464,2200,2313,1425,2200,1456,846,916,1431,2063
0,0,0,0,0,0,0,0,0,0,0,0,0,0,0,0,0,0,0,0,0,0,0,0,0,0,0,0,0,0,0,0,0,0,0,0,0,0,0,0,0,0,0,0,0,0,0,0,0,0,0,0,0,0,0,0,0,0,0,0,0,0,0,0,0,0,0,0,0,0,0,0,0,0,0,0,0,0,0,0,0,0,0,0,0,0,0,0,0,0,0,0,0,0,0,0,0,0,0,0
0,0,1161,0,2431,2453,1977,0,0,0,72,2090,0,1325,2585,0,72,0,0,1511,2933,0,0,0,0,0,0,72,0,242,66,0,1961,0,0,2289,0,2242,2402,0,0,0,2179,413,0,2933,2273,0,1175,0,0,0,0,0,0,2932,0,2945,0,0,0,2585,0,0,0,1295,0,2667,0,0,0,2916,0,0,0,586,2308,96,0,2001,2039,2289,1866,0,0,2481,0,0,1247,0,0,2109,2929,0,2109,0,454,1008,0,1483
347,112,992,406,1172,1172,1126,8,96,271,500,1128,338,446,1185,0,500,275,143,1004,1161,347,106,262,181,267,355,499,362,0,492,0,1124,0,238,1146,269,1152,1173,95,261,219,1165,57,285,1161,1144,0,986,312,0,0,364,347,363,1192,271,1169,394,12,182,1185,407,180,284,991,189,1201,243,0,262,1200,189,267,106,797,1159,518,347,1135,1120,1146,1070,0,216,1172,229,150,981,355,362,1139,1191,286,1139,345,82,343,261,1000
0,0,0,0,14,22,0,0,0,0,0,0,0,513,46,0,0,0,0,0,343,0,0,0,0,0,0,0,0,0,0,0,0,0,0,0,0,0,11,0,0,0,0,87,0,343,0,0,0,0,0,0,0,0,0,315,0,346,0,0,0,46,0,0,0,0,0,86,0,0,0,277,0,0,0,0,0,0,0,0,0,0,0,0,0,33,0,0,0,0,0,0,307,0,0,0,109,445,0,0
0,0,0,0,0,0,0,0,0,0,0,0,0,0,0,0,0,0,0,0,0,0,0,0,0,0,0,0,0,0,0,0,0,0,0,0,0,0,0,0,0,0,0,0,0,0,0,0,0,0,0,0,0,0,0,0,0,0,0,0,0,0,0,0,0,0,0,0,0,0,0,0,0,0,0,0,0,0,0,0,0,0,0,0,0,0,0,0,0,0,0,0,0,0,0,0,0,0,0,0
0,0,0,0,0,0,0,0,0,0,0,0,0,0,0,0,0,0,0,0,0,0,0,0,0,0,0,0,0,0,0,0,0,0,0,0,0,0,0,0,0,0,0,0,0,0,0,0,0,0,0,0,0,0,0,0,0,0,0,0,0,0,0,0,0,0,0,0,0,0,0,0,0,0,0,0,0,0,0,0,0,0,0,0,0,0,0,0,0,0,0,0,0,0,0,0,0,0,0,0
2790,1281,3398,3006,3189,3194,3272,858,1158,2445,3142,3193,2779,2841,3209,0,3132,2461,1314,3323,3799,2790,1269,2290,1640,2344,2826,3105,2876,0,3115,0,3301,0,2166,3191,2367,3206,3178,1153,2221,2087,3195,96,2556,3799,3201,687,3383,2687,0,664,2919,2790,2912,3728,2451,3815,2982,893,1783,3193,3013,1630,2531,3386,1860,3243,2169,0,2301,3715,1844,2354,1269,3290,3183,3173,2790,3238,3204,3178,3294,0,1965,3180,2135,1374,3394,2834,2873,3203,3716,2570,3203,2785,139,2304,2221,3319
0,0,0,0,0,0,0,0,0,0,0,0,0,0,0,0,0,0,0,0,0,0,0,0,0,0,0,0,0,0,0,0,0,0,0,0,0,0,0,0,0,0,0,0,0,0,0,0,0,0,0,0,0,0,0,0,0,0,0,0,0,0,0,0,0,0,0,0,0,0,0,0,0,0,0,0,0,0,0,0,0,0,0,0,0,0,0,0,0,0,0,0,0,0,0,0,0,0,0,0
0,0,0,0,0,0,0,0,0,0,0,0,0,1353,0,0,0,0,0,0,231,0,0,0,0,0,0,0,0,1704,0,0,0,0,0,0,0,0,0,0,0,0,0,1927,0,231,0,0,0,0,0,0,0,0,0,144,0,240,0,0,0,0,0,0,0,0,0,0,0,0,0,73,0,0,0,0,0,0,0,0,0,0,0,0,0,0,0,0,0,0,0,0,126,0,0,0,1917,1465,0,0
1609,1920,1210,1419,1164,1176,1169,1790,1925,1771,1369,1148,1634,788,1222,0,1369,1771,1901,1150,1444,1609,1914,1804,1850,1795,1568,1375,1532,0,1390,0,1166,0,1834,1180,1801,1167,1163,1923,1827,1834,1171,0,1750,1444,1176,1614,1206,1670,0,1595,1495,1609,1511,1410,1769,1443,1433,1814,1831,1222,1417,1849,1765,1176,1827,1240,1839,0,1803,1377,1823,1799,1914,1249,1182,1377,1609,1160,1147,1180,1144,0,1838,1186,1831,1891,1199,1554,1532,1158,1406,1729,1158,1627,1,634,1820,1135
0,0,0,0,0,0,0,0,0,0,0,0,0,0,0,0,0,0,0,0,0,0,0,0,0,0,0,0,0,0,0,0,0,0,0,0,0,0,0,0,0,0,0,0,0,0,0,0,0,0,0,0,0,0,0,0,0,0,0,0,0,0,0,0,0,0,0,0,0,0,0,0,0,0,0,0,0,0,0,0,0,0,0,0,0,0,0,0,0,0,0,0,0,0,0,0,0,0,0,0
0,0,0,0,0,0,0,0,0,0,0,0,0,0,0,0,0,0,0,0,0,0,0,0,0,0,0,0,0,0,0,0,0,0,0,0,0,0,0,0,0,0,0,0,0,0,0,0,0,0,0,0,0,0,0,0,0,0,0,0,0,0,0,0,0,0,0,0,0,0,0,0,0,0,0,0,0,0,0,0,0,0,0,0,0,0,0,0,0,0,0,0,0,0,0,0,0,0,0,0
1775,2270,651,1553,95,81,310,2324,2291,2047,1322,194,1834,0,62,0,1322,2043,2214,502,0,1775,2271,2105,2253,2061,1748,1334,1709,0,1360,0,327,0,2178,148,2057,163,107,2292,2142,2203,183,0,2022,0,150,2483,643,1894,0,2532,1678,1775,1690,0,2045,0,1583,2320,2213,62,1545,2252,2030,603,2205,27,2176,0,2092,0,2209,2062,2271,954,137,1294,1775,284,252,148,372,0,2211,75,2191,2223,611,1736,1716,186,0,2017,186,1813,0,0,2138,514
4072,3350,2930,4061,1415,1357,2262,3250,3350,3876,3955,2042,4096,0,1165,0,3955,3901,3285,2626,33,4072,3356,3762,3376,3802,4072,3964,4087,0,3985,0,2304,0,3701,1677,3790,1749,1442,3348,3717,3631,1854,0,3942,34,1698,2928,2914,4038,0,2881,4053,4072,4056,120,3881,20,4070,3289,3438,1165,4060,3373,3938,2792,3507,976,3707,0,3764,176,3506,3790,3356,3386,1610,3954,4072,2211,2155,1677,2361,0,3557,1316,3669,3304,2842,4089,4086,1995,134,3957,1995,4086,0,0,3723,2652
707,0,2200,930,3076,3077,2707,0,0,313,1122,2851,674,789,3089,0,1122,323,0,2365,2735,707,0,194,0,217,749,1107,783,0,1089,0,2675,0,87,3064,239,3021,3092,0,140,40,2950,0,407,2735,3058,0,2200,580,0,0,795,707,793,2866,313,2709,896,0,0,3089,932,0,384,2261,0,3062,89,0,199,2925,0,231,0,1688,3062,1164,707,2751,2781,3064,2610,0,0,3080,74,0,2227,760,780,2877,2890,423,2877,684,0,479,143,2338
0,0,301,0,1064,1079,767,0,0,0,0,854,0,1938,1149,0,0,0,0,460,1830,0,0,0,0,0,0,0,0,384,0,0,754,0,0,973,0,948,1052,0,0,0,918,790,0,1830,967,0,302,0,0,0,0,0,0,1714,0,1839,0,0,0,1149,0,0,0,351,0,1246,0,0,0,1641,0,0,0,0,1000,0,0,787,810,973,703,0,0,1097,0,0,333,0,0,874,1691,0,874,0,852,1682,0,436
0,0,0,0,0,0,0,0,0,0,0,0,0,0,0,0,0,0,0,0,0,0,0,0,0,0,0,0,0,0,0,0,0,0,0,0,0,0,0,0,0,0,0,0,0,0,0,0,0,0,0,0,0,0,0,0,0,0,0,0,0,0,0,0,0,0,0,0,0,0,0,0,0,0,0,0,0,0,0,0,0,0,0,0,0,0,0,0,0,0,0,0,0,0,0,0,0,0,0,0
5859,3684,5966,6126,4794,4747,5632,3627,3753,4880,6074,5367,5788,3853,4542,0,6054,4930,3674,5777,2737,5863,3698,4542,3952,4605,5976,5972,6030,3726,6061,0,5687,0,4364,5084,4657,5161,4837,3753,4454,4278,5238,4189,5125,2737,5097,3614,5934,5586,0,3571,6071,5871,6076,2696,4901,2753,6122,3652,4050,4487,6123,3942,5086,5876,4103,4199,4373,0,4541,2677,4103,4636,3698,6064,5023,6105,5858,5582,5517,5062,5689,0,4200,4659,4320,3689,5908,5996,6039,5325,2696,5172,5331,5858,4186,4229,4455,5773
0,0,0,0,0,0,0,0,0,0,0,0,0,0,0,0,0,0,0,0,0,0,0,0,0,0,0,0,0,0,0,0,0,0,0,0,0,0,0,0,0,0,0,0,0,0,0,0,0,0,0,0,0,0,0,0,0,0,0,0,0,0,0,0,0,0,0,0,0,0,0,0,0,0,0,0,0,0,0,0,0,0,0,0,0,0,0,0,0,0,0,0,0,0,0,0,0,0,0,0
0,0,0,0,0,0,0,0,0,0,0,0,0,2032,0,274,0,0,0,0,159,0,0,0,0,0,0,0,0,4846,0,368,0,318,0,0,0,0,0,0,0,0,0,4706,0,159,0,0,0,0,437,0,0,0,0,90,0,163,0,0,0,0,0,0,0,0,0,0,0,437,0,14,0,0,0,0,0,0,0,0,0,0,0,375,0,0,0,0,0,0,0,0,77,0,0,0,4718,2426,0,0
1869,811,1907,2096,2101,2104,2055,940,856,1211,2039,2084,1786,2784,2113,2627,2035,1229,820,1937,1813,1869,817,1060,811,1102,1944,2017,2010,4829,2037,2573,2037,2589,932,2127,1118,2130,2119,857,994,888,2108,4376,1328,1812,2125,1059,1905,1605,2767,1079,2026,1869,2021,1726,1214,1819,2098,930,826,2107,2093,809,1294,1914,835,2130,940,2767,1071,1658,833,1110,817,1896,2138,2029,1869,2061,2062,2123,2036,2544,853,2084,922,802,1914,1977,2006,2093,1702,1363,2096,1827,4382,2603,998,1931
0,0,0,0,0,0,0,0,0,0,0,0,0,0,0,597,0,0,0,0,0,0,0,0,0,0,0,0,0,557,0,703,0,642,0,0,0,0,0,0,0,0,0,194,0,0,0,0,0,0,963,0,0,0,0,0,0,0,0,0,0,0,0,0,0,0,0,0,0,963,0,0,0,0,0,0,0,0,0,0,0,0,0,717,0,0,0,0,0,0,0,0,0,0,0,0,138,0,0,0
0,0,0,0,0,0,0,0,0,0,0,0,0,0,0,0,0,0,0,0,0,0,0,0,0,0,0,0,0,0,0,0,0,0,0,0,0,0,0,0,0,0,0,0,0,0,0,0,0,0,0,0,0,0,0,0,0,0,0,0,0,0,0,0,0,0,0,0,0,0,0,0,0,0,0,0,0,0,0,0,0,0,0,0,0,0,0,0,0,0,0,0,0,0,0,0,0,0,0,0
0,0,0,0,0,0,0,0,0,0,0,0,0,1159,0,0,0,0,0,0,282,0,0,0,0,0,0,0,0,2041,0,0,0,0,0,0,0,0,0,0,0,0,0,2254,0,282,0,0,0,0,0,0,0,0,0,239,0,285,0,0,0,0,0,0,0,0,0,5,0,0,0,178,0,0,0,0,0,0,0,0,0,0,0,0,0,0,0,0,0,0,0,0,222,0,0,0,2251,1417,0,0
0,0,0,0,0,0,0,0,0,0,0,0,0,1400,0,322,0,0,0,0,154,0,0,0,0,0,0,0,0,1811,0,298,0,305,0,0,0,0,0,0,0,0,0,1970,0,154,0,0,0,0,261,0,0,0,0,126,0,157,0,0,0,0,0,0,0,0,0,0,0,261,0,75,0,0,0,0,0,0,0,0,0,0,0,294,0,0,0,0,0,0,0,0,107,0,0,0,2003,1664,0,0
156,144,147,153,140,139,128,157,143,137,154,135,147,200,137,55,160,140,150,138,110,152,144,137,158,161,148,167,153,195,157,31,126,31,118,134,125,135,136,146,136,131,135,203,124,110,135,211,145,147,44,179,145,145,143,106,139,110,150,147,164,137,153,125,135,139,155,140,124,44,118,115,129,173,144,128,133,150,159,134,134,134,127,33,155,137,136,157,145,163,147,135,110,132,135,139,206,186,125,138
246,355,77,184,90,100,73,688,429,283,157,78,255,301,113,0,157,280,361,84,330,243,373,294,348,320,229,157,223,0,160,0,78,0,281,82,283,83,90,432,295,307,83,0,276,330,80,1006,78,279,0,944,214,242,216,320,284,332,195,650,359,113,183,314,280,80,340,126,285,0,286,305,317,331,369,109,83,156,246,73,75,82,81,0,333,107,300,362,78,235,223,79,320,278,79,248,0,251,289,78
0,0,0,0,0,0,0,0,0,0,0,0,0,0,0,0,0,0,0,0,0,0,0,0,0,0,0,0,0,0,0,0,0,0,0,0,0,0,0,0,0,0,0,0,0,0,0,0,0,0,0,0,0,0,0,0,0,0,0,0,0,0,0,0,0,0,0,0,0,0,0,0,0,0,0,0,0,0,0,0,0,0,0,0,0,0,0,0,0,0,0,0,0,0,0,0,0,0,0,0
0,0,0,0,0,0,0,0,0,0,0,0,0,0,0,965,0,0,0,0,0,0,0,0,0,0,0,0,0,44,0,1004,0,1003,0,0,0,0,0,0,0,0,0,20,0,0,0,0,0,0,869,0,0,0,0,0,0,0,0,0,0,0,0,0,0,0,0,0,0,869,0,0,0,0,0,0,0,0,0,0,0,0,0,1007,0,0,0,0,0,0,0,0,0,0,0,0,7,0,0,0
0,0,0,0,0,0,0,0,0,0,0,0,0,650,0,0,0,0,0,0,0,0,0,0,0,0,0,0,0,0,0,0,0,0,0,0,0,0,0,0,0,0,0,291,0,0,0,0,0,0,0,0,0,0,0,0,0,0,0,0,0,0,0,0,0,0,0,0,0,0,0,0,0,0,0,0,0,0,0,0,0,0,0,0,0,0,0,0,0,0,0,0,0,0,0,0,353,630,0,0
0,0,0,0,0,0,0,0,0,0,0,0,0,0,0,0,0,0,0,0,0,0,0,0,0,0,0,0,0,0,0,0,0,0,0,0,0,0,0,0,0,0,0,0,0,0,0,0,0,0,0,0,0,0,0,0,0,0,0,0,0,0,0,0,0,0,0,0,0,0,0,0,0,0,0,0,0,0,0,0,0,0,0,0,0,0,0,0,0,0,0,0,0,0,0,0,0,0,0,0
0,0,0,0,0,0,0,0,0,0,0,0,0,161,0,15,0,0,0,0,0,0,0,0,0,0,0,0,0,845,0,96,0,26,0,0,0,0,0,0,0,0,0,444,0,0,0,0,0,0,264,0,0,0,0,0,0,0,0,0,0,0,0,0,0,0,0,0,0,264,0,0,0,0,0,0,0,0,0,0,0,0,0,98,0,0,0,0,0,0,0,0,0,0,0,0,422,206,0,0
0,0,0,0,0,0,0,0,0,0,0,0,0,64,0,0,0,0,0,0,0,0,0,0,0,0,0,0,0,583,0,0,0,0,0,0,0,0,0,0,0,0,0,495,0,0,0,0,0,0,0,0,0,0,0,0,0,0,0,0,0,0,0,0,0,0,0,0,0,0,0,0,0,0,0,0,0,0,0,0,0,0,0,0,0,0,0,0,0,0,0,0,0,0,0,0,467,123,0,0
0,0,0,0,0,0,0,0,0,0,0,0,0,0,0,241,0,0,0,0,0,0,0,0,0,0,0,0,0,0,0,196,0,214,0,0,0,0,0,0,0,0,0,0,0,0,0,0,0,0,128,0,0,0,0,0,0,0,0,0,0,0,0,0,0,0,0,0,0,128,0,0,0,0,0,0,0,0,0,0,0,0,0,192,0,0,0,0,0,0,0,0,0,0,0,0,0,0,0,0
812,824,435,790,301,304,338,659,782,831,771,323,804,480,315,0,771,831,831,399,598,812,820,832,867,832,814,772,807,0,779,0,345,0,870,296,832,293,298,780,857,876,306,0,825,598,295,519,436,806,0,501,805,812,802,598,831,600,790,674,867,315,789,867,826,427,870,332,870,0,830,583,870,832,820,572,297,772,812,324,325,296,358,0,877,311,874,843,437,812,810,323,589,823,323,806,0,411,854,398
0,0,0,0,0,0,0,0,0,0,0,0,0,0,0,510,0,0,0,0,0,0,0,0,0,0,0,0,0,0,0,503,0,516,0,0,0,0,0,0,0,0,0,0,0,0,0,0,0,0,497,0,0,0,0,0,0,0,0,0,0,0,0,0,0,0,0,0,0,497,0,0,0,0,0,0,0,0,0,0,0,0,0,502,0,0,0,0,0,0,0,0,0,0,0,0,0,0,0,0
0,0,0,0,0,0,0,0,0,0,0,0,0,0,0,1344,0,0,0,0,0,0,0,0,0,0,0,0,0,0,0,1259,0,1301,0,0,0,0,0,0,0,0,0,0,0,0,0,0,0,0,1106,0,0,0,0,0,0,0,0,0,0,0,0,0,0,0,0,0,0,1114,0,0,0,0,0,0,0,0,0,0,0,0,0,1246,0,0,0,0,0,0,0,0,0,0,0,0,0,0,0,0
1152,667,1047,1164,402,391,965,730,690,1138,1164,883,1138,0,327,0,1164,1136,666,1022,170,1152,667,1140,709,1121,1158,1164,1151,0,1163,0,968,0,1147,593,1124,647,419,690,1167,1052,767,0,1140,170,602,970,1044,1150,0,948,1149,1152,1150,176,1136,170,1167,727,779,327,1165,709,1137,1031,855,301,1148,0,1131,185,837,1122,667,1119,531,1162,1152,950,937,593,978,0,964,361,1117,671,1030,1156,1154,853,178,1144,853,1141,0,0,1169,1033
1070,0,1558,1361,1170,1137,1522,0,0,716,1480,1465,1014,0,963,0,1477,738,0,1557,27,1070,0,495,80,564,1134,1458,1192,0,1470,0,1531,0,311,1367,632,1411,1225,0,413,222,1436,0,805,27,1372,0,1559,936,0,0,1248,1070,1223,154,722,27,1339,0,120,966,1363,77,794,1557,140,811,319,0,508,222,129,607,0,1561,1348,1491,1070,1516,1499,1370,1550,0,168,1097,288,3,1559,1152,1188,1459,187,820,1462,1044,0,0,416,1557
1575,713,1757,1674,1521,1499,1782,603,686,1084,1698,1756,1555,501,1428,588,1695,1104,723,1811,843,1582,714,972,766,991,1615,1659,1623,207,1689,598,1793,595,935,1658,996,1686,1557,685,961,886,1722,187,1268,843,1662,621,1766,1495,630,618,1637,1588,1645,838,1083,845,1662,600,787,1433,1674,762,1223,1782,803,1269,940,630,972,830,796,992,714,1707,1625,1714,1569,1772,1764,1659,1822,599,834,1486,919,736,1780,1588,1627,1755,839,1292,1755,1592,189,449,962,1781
753,0,2754,1363,2329,2282,2651,0,0,260,2077,2598,628,0,2154,0,2077,264,0,2725,273,753,0,184,11,203,867,2042,989,0,1995,0,2623,0,120,2434,220,2474,2391,0,148,76,2524,0,295,273,2418,0,2770,506,0,0,1058,753,1035,501,262,271,1267,0,21,2238,1380,11,282,2749,27,2101,120,0,186,881,27,213,0,2826,2432,2189,753,2623,2623,2477,2686,0,43,2276,98,0,2755,920,983,2596,623,305,2578,709,0,0,151,2760
0,0,0,0,831,865,143,0,0,0,0,309,0,3913,1087,0,0,0,0,1,3771,0,0,0,0,0,0,0,0,889,0,0,127,0,0,522,0,468,788,0,0,0,396,1323,0,3764,509,0,0,0,0,0,0,0,0,3424,0,3760,0,0,0,1087,0,0,0,0,0,1364,0,0,0,3207,0,0,0,0,598,0,0,170,208,522,92,0,0,906,0,0,0,0,0,324,3337,0,324,0,1344,3204,0,0
0,0,0,0,0,0,0,0,0,0,0,0,0,0,0,528,0,0,0,0,0,0,0,0,0,0,0,0,0,146,0,531,0,528,0,0,0,0,0,0,0,0,0,0,0,0,0,0,0,0,566,0,0,0,0,0,0,0,0,0,0,0,0,0,0,0,0,0,0,572,0,0,0,0,0,0,0,0,0,0,0,0,0,530,0,0,0,0,0,0,0,0,0,0,0,0,0,0,0,0
0,0,0,0,0,0,0,0,0,0,0,0,0,0,0,0,0,0,0,0,0,0,0,0,0,0,0,0,0,0,0,0,0,0,0,0,0,0,0,0,0,0,0,0,0,0,0,0,0,0,0,0,0,0,0,0,0,0,0,0,0,0,0,0,0,0,0,0,0,0,0,0,0,0,0,0,0,0,0,0,0,0,0,0,0,0,0,0,0,0,0,0,0,0,0,0,0,0,0,0
1412,1390,505,1391,351,343,449,1391,1418,1442,1078,419,1410,696,318,212,1078,1442,1381,464,373,1412,1397,1434,1360,1439,1408,1120,1409,972,1211,249,447,235,1423,368,1435,375,357,1417,1428,1422,387,806,1441,373,365,1297,501,1416,299,1288,1411,1412,1407,350,1445,372,1402,1394,1386,318,1390,1360,1444,491,1398,306,1425,299,1436,344,1395,1437,1397,563,362,970,1412,443,433,368,446,244,1412,333,1422,1361,493,1406,1409,410,339,1437,410,1404,805,718,1429,471
1567,1855,1597,1702,1779,1808,1658,1955,1905,1336,1718,1665,1573,1161,1854,438,1695,1323,1844,1615,1301,1567,1858,1446,1748,1429,1600,1655,1662,175,1697,471,1656,452,1535,1705,1394,1696,1751,1902,1485,1571,1676,277,1336,1301,1710,1775,1577,1512,559,1762,1677,1568,1683,1286,1327,1299,1695,1946,1689,1846,1704,1751,1317,1596,1670,1917,1531,559,1442,1292,1674,1410,1858,1654,1700,1728,1567,1658,1662,1700,1645,471,1642,1842,1554,1826,1585,1622,1663,1669,1286,1379,1676,1571,297,824,1482,1596
59,0,181,148,136,133,166,0,0,0,183,153,46,351,124,135,183,0,0,180,5,59,0,0,0,0,69,180,87,0,172,65,156,95,0,136,0,136,136,0,0,0,141,117,0,5,136,0,181,0,39,0,101,59,100,30,0,2,136,0,0,136,149,0,0,180,0,124,0,39,0,43,0,0,0,183,136,183,59,156,156,138,175,63,0,136,0,0,181,78,87,153,31,0,147,52,196,389,0,180
2047,2747,1686,1967,1530,1524,1651,3364,2802,2075,1965,1618,2076,2124,1512,1953,1965,2089,2758,1637,1599,2047,2744,2081,2709,2058,2029,1972,2035,1607,1965,1961,1652,1968,2178,1508,2068,1501,1536,2820,2114,2362,1569,1743,2087,1599,1501,3317,1691,2106,2030,3312,2028,2047,2034,1619,2085,1607,1991,3366,2640,1524,1962,2712,2083,1682,2619,1484,2185,2024,2073,1629,2626,2063,2744,1854,1505,1998,2047,1634,1606,1516,1618,1965,2517,1529,2216,2713,1692,2028,2035,1613,1609,2100,1612,2055,1802,2203,2107,1679
492,187,499,522,403,403,447,75,157,348,549,435,479,48,356,0,549,355,191,484,169,492,186,295,228,311,499,549,509,0,548,0,447,0,260,412,318,420,402,157,265,255,423,0,377,169,418,22,502,460,0,19,514,492,513,192,351,169,519,82,240,356,522,228,373,490,240,329,260,0,300,193,240,314,186,592,408,550,492,441,443,412,449,0,243,391,259,208,491,506,508,431,190,388,431,485,0,25,265,485
458,458,20,458,0,0,0,27,458,458,458,0,458,0,0,0,458,458,458,0,0,458,458,458,458,458,458,458,458,0,458,0,0,0,458,0,458,0,0,458,458,458,0,0,458,0,0,4,20,458,0,7,458,458,458,0,458,0,458,52,458,0,458,458,458,1,458,0,458,0,458,0,458,458,458,458,0,458,458,0,0,0,0,0,458,0,458,458,5,458,458,0,0,458,0,458,0,0,458,0
0,0,0,0,0,0,0,0,0,0,0,0,0,16,0,0,0,0,0,0,0,0,0,0,0,0,0,0,0,574,0,0,0,0,0,0,0,0,0,0,0,0,0,574,0,0,0,0,0,0,0,0,0,0,0,0,0,0,0,0,0,0,0,0,0,0,0,0,0,0,0,0,0,0,0,0,0,0,0,0,0,0,0,0,0,0,0,0,0,0,0,0,0,0,0,0,575,43,0,0
419,0,419,419,197,177,404,0,0,356,419,354,419,0,110,0,419,368,0,419,0,419,0,269,61,305,419,419,419,0,419,0,415,0,208,277,321,287,204,0,237,159,328,0,399,0,282,0,419,410,0,0,419,419,419,0,358,0,419,0,86,110,419,58,393,419,112,48,211,0,276,0,110,317,0,419,267,419,419,398,382,277,419,0,133,164,192,0,419,419,419,350,0,402,350,419,0,0,242,419
1246,972,1064,1275,943,941,1007,995,966,1105,1351,995,1253,377,904,0,1351,1115,976,1017,492,1245,969,1079,988,1087,1238,1354,1250,0,1340,0,1004,0,1059,965,1092,960,944,965,1071,1055,963,82,1150,492,965,946,1066,1225,0,907,1258,1242,1253,529,1110,484,1268,979,1023,913,1276,985,1142,1062,1039,875,1070,0,1077,587,1032,1094,969,1079,954,1346,1246,1012,1007,965,999,0,1042,934,1055,978,1063,1241,1241,986,549,1170,986,1252,99,304,1072,1023
0,0,0,0,0,0,0,0,0,0,0,0,0,0,0,576,0,0,0,0,0,0,0,0,0,0,0,0,0,1056,0,620,0,593,0,0,0,0,0,0,0,0,0,23,0,0,0,0,0,0,634,0,0,0,0,0,0,0,0,0,0,0,0,0,0,0,0,0,0,634,0,0,0,0,0,0,0,0,0,0,0,0,0,623,0,0,0,0,0,0,0,0,0,0,0,0,2,0,0,0
69,114,0,69,0,0,0,122,123,69,69,0,69,0,0,0,69,69,114,0,0,69,116,74,92,72,69,69,69,0,69,0,0,0,80,0,69,0,0,123,77,82,0,0,69,0,0,113,0,69,0,111,69,69,69,0,69,0,69,124,84,0,69,92,69,0,82,0,80,0,73,0,82,69,115,3,0,69,69,0,0,0,0,0,82,0,82,109,0,69,69,0,0,69,0,69,0,0,77,0
0,0,0,0,0,0,0,0,0,0,0,0,0,0,0,513,0,0,0,0,0,0,0,0,0,0,0,0,0,0,0,513,0,514,0,0,0,0,0,0,0,0,0,0,0,0,0,0,0,0,531,0,0,0,0,0,0,0,0,0,0,0,0,0,0,0,0,0,0,531,0,0,0,0,0,0,0,0,0,0,0,0,0,514,0,0,0,0,0,0,0,0,0,0,0,0,0,0,0,0
0,0,0,0,0,0,0,0,0,0,0,0,0,0,0,782,0,0,0,0,0,0,0,0,0,0,0,0,0,0,0,659,0,730,0,0,0,0,0,0,0,0,0,0,0,0,0,0,0,0,209,0,0,0,0,0,0,0,0,0,0,0,0,0,0,0,0,0,0,209,0,0,0,0,0,0,0,0,0,0,0,0,0,646,0,0,0,0,0,0,0,0,0,0,0,0,0,0,0,0
0,0,0,0,121,138,10,0,0,0,0,22,0,373,150,348,0,0,0,0,205,0,0,0,0,0,0,0,0,0,0,366,9,362,0,42,0,36,83,0,0,0,27,62,0,205,37,0,0,0,384,0,0,0,0,200,0,205,0,0,0,150,0,0,0,0,0,153,0,384,0,194,0,0,0,0,45,0,0,14,16,42,4,366,0,141,0,0,0,0,0,23,199,0,23,0,83,232,0,0
0,0,0,0,0,0,0,0,0,0,0,0,0,0,0,587,0,0,0,0,0,0,0,0,0,0,0,0,0,934,0,568,0,581,0,0,0,0,0,0,0,0,0,899,0,0,0,0,0,0,520,0,0,0,0,0,0,0,0,0,0,0,0,0,0,0,0,0,0,520,0,0,0,0,0,0,0,0,0,0,0,0,0,566,0,0,0,0,0,0,0,0,0,0,0,0,843,0,0,0
343,11,365,349,200,188,348,2,10,298,354,342,343,0,149,112,349,301,12,359,0,344,11,221,27,237,345,344,344,0,349,66,352,86,146,328,249,335,214,10,194,85,334,0,319,0,329,212,363,340,12,391,349,345,349,0,298,0,349,2,32,142,349,27,316,365,38,90,151,12,225,0,38,247,11,356,301,356,343,345,343,326,354,52,51,172,121,13,365,343,345,341,0,325,341,349,0,0,196,359
0,0,10,0,37,39,23,0,0,0,0,26,0,0,50,0,0,0,0,12,133,0,0,0,0,0,0,0,0,0,0,0,25,0,0,35,0,32,32,0,0,0,29,0,0,129,37,0,9,0,0,0,0,0,0,115,0,123,0,0,0,38,0,0,0,11,0,50,0,0,0,77,0,0,0,4,34,0,0,25,25,29,19,0,0,38,0,0,11,0,0,26,101,0,27,0,0,0,0,11
0,0,0,0,0,0,0,0,0,0,0,0,0,0,0,0,0,0,0,0,0,0,0,0,0,0,0,0,0,0,0,0,0,0,0,0,0,0,0,0,0,0,0,0,0,0,0,0,0,0,0,0,0,0,0,0,0,0,0,0,0,0,0,0,0,0,0,0,0,0,0,0,0,0,0,0,0,0,0,0,0,0,0,0,0,0,0,0,0,0,0,0,0,0,0,0,0,0,0,0
0,0,0,0,0,0,0,0,0,0,0,0,0,0,0,0,0,0,0,0,0,0,0,0,0,0,0,0,0,0,0,0,0,0,0,0,0,0,0,0,0,0,0,0,0,0,0,0,0,0,0,0,0,0,0,0,0,0,0,0,0,0,0,0,0,0,0,0,0,0,0,0,0,0,0,0,0,0,0,0,0,0,0,0,0,0,0,0,0,0,0,0,0,0,0,0,0,0,0,0
656,0,792,689,432,388,771,0,0,636,757,757,656,0,156,53,757,638,0,780,0,656,0,479,10,588,660,754,662,0,754,7,768,26,273,606,620,696,471,0,358,198,736,0,641,1,616,0,794,645,0,0,669,656,665,10,636,2,684,0,28,159,690,9,639,787,29,119,281,0,517,58,29,609,0,802,572,763,656,768,768,609,773,3,119,331,231,0,787,660,661,756,17,641,753,656,0,0,364,787
43,510,0,36,0,0,0,503,510,460,22,0,47,291,0,0,22,451,510,0,0,43,510,508,510,498,42,22,39,634,23,0,0,0,510,0,480,0,0,510,510,510,0,537,203,0,0,494,0,56,0,494,38,43,38,0,456,0,37,504,510,0,36,510,278,0,510,0,510,0,506,0,510,487,510,16,0,19,43,0,0,0,0,0,510,0,510,510,0,42,40,0,0,144,0,44,463,301,510,0
6,14,0,3,0,0,0,20,14,6,1,0,6,0,0,143,1,6,14,0,0,5,14,7,13,12,4,1,5,0,1,279,0,146,5,0,5,0,0,14,8,12,0,0,4,0,0,36,0,7,579,27,3,4,3,0,6,0,3,17,14,0,3,8,6,0,13,0,6,578,4,0,12,14,14,0,0,0,6,0,0,0,0,291,13,0,12,14,0,6,4,0,0,5,0,3,0,0,6,0
208,0,293,227,314,301,334,0,0,122,241,337,194,725,292,900,248,127,0,293,362,208,0,103,19,111,216,259,222,731,246,891,328,901,63,315,111,321,317,0,93,64,323,805,135,362,316,0,295,182,834,0,210,203,210,328,125,363,224,0,34,298,227,18,135,293,51,287,66,834,96,322,50,116,0,287,317,240,208,335,335,318,318,891,53,302,66,0,295,220,217,337,323,143,336,190,798,816,94,300
0,0,0,0,0,0,0,0,0,0,0,0,0,0,0,0,0,0,0,0,0,0,0,0,0,0,0,0,0,0,0,0,0,0,0,0,0,0,0,0,0,0,0,0,0,0,0,0,0,0,101,0,0,0,0,0,0,0,0,0,0,0,0,0,0,0,0,0,0,101,0,0,0,0,0,0,0,0,0,0,0,0,0,0,0,0,0,0,0,0,0,0,0,0,0,0,0,0,0,0
0,0,0,0,0,0,0,0,0,0,0,0,0,0,0,30,0,0,0,0,0,0,0,0,0,0,0,0,0,0,0,42,0,37,0,0,0,0,0,0,0,0,0,0,0,0,0,0,0,0,324,0,0,0,0,0,0,0,0,0,0,0,0,0,0,0,0,0,0,322,0,0,0,0,0,0,0,0,0,0,0,0,0,43,0,0,0,0,0,0,0,0,0,0,0,0,0,0,0,0
0,0,0,0,0,0,0,0,0,0,0,0,0,0,0,1220,0,0,0,0,0,0,0,0,0,0,0,0,0,0,0,1220,0,1220,0,0,0,0,0,0,0,0,0,0,0,0,0,0,0,0,1220,0,0,0,0,0,0,0,0,0,0,0,0,0,0,0,0,0,0,1220,0,0,0,0,0,0,0,0,0,0,0,0,0,1220,0,0,0,0,0,0,0,0,0,0,0,0,0,0,0,0
545,638,83,533,13,13,13,572,627,637,535,7,546,832,14,253,519,631,625,46,253,550,630,637,638,606,554,499,534,377,515,404,18,299,672,16,649,14,11,621,638,629,13,199,639,252,16,485,79,558,530,441,541,558,546,237,631,251,530,576,610,13,533,674,625,70,631,7,662,530,666,227,648,585,638,126,14,573,544,13,12,14,22,431,620,13,628,626,72,533,542,5,230,628,7,568,193,777,660,50
927,696,230,1045,167,166,218,607,671,891,775,198,931,188,159,513,759,880,670,236,150,955,675,842,738,787,971,695,962,159,785,378,219,460,917,181,926,184,169,661,826,784,189,166,977,150,181,451,230,874,229,471,1018,979,1032,164,867,153,1034,622,698,159,1041,794,908,227,752,163,884,229,950,166,773,771,696,250,179,780,916,214,214,181,227,362,755,164,788,670,233,890,991,194,164,943,194,1034,162,188,889,236
0,0,0,0,0,0,0,0,0,0,0,0,0,0,0,548,0,0,0,0,0,0,0,0,0,0,0,0,0,29,0,544,0,534,0,0,0,0,0,0,0,0,0,6,0,0,0,0,0,0,518,0,0,0,0,0,0,0,0,0,0,0,0,0,0,0,0,0,0,523,0,0,0,0,0,0,0,0,0,0,0,0,0,537,0,0,0,0,0,0,0,0,0,0,0,0,4,0,0,0
0,0,0,0,0,0,0,0,0,0,0,0,0,0,0,324,0,0,0,0,0,0,0,0,0,0,0,0,0,63,0,293,0,275,0,0,0,0,0,0,0,0,0,12,0,0,0,0,0,0,288,0,0,0,0,0,0,0,0,0,0,0,0,0,0,0,0,0,0,288,0,0,0,0,0,0,0,0,0,0,0,0,0,289,0,0,0,0,0,0,0,0,0,0,0,0,10,2,0,0
0,0,0,0,0,0,0,0,0,0,0,0,0,0,0,19,0,0,0,0,0,0,0,0,0,0,0,0,0,0,0,19,0,19,0,0,0,0,0,0,0,0,0,0,0,0,0,0,0,0,0,0,0,0,0,0,0,0,0,0,0,0,0,0,0,0,0,0,0,0,0,0,0,0,0,0,0,0,0,0,0,0,0,19,0,0,0,0,0,0,0,0,0,0,0,0,0,0,0,0
0,0,0,0,0,0,0,0,0,0,0,0,0,0,0,0,0,0,0,0,0,0,0,0,0,0,0,0,0,0,0,0,0,0,0,0,0,0,0,0,0,0,0,0,0,0,0,0,0,0,0,0,0,0,0,0,0,0,0,0,0,0,0,0,0,0,0,0,0,0,0,0,0,0,0,0,0,0,0,0,0,0,0,0,0,0,0,0,0,0,0,0,0,0,0,0,0,0,0,0
0,0,0,0,0,0,0,0,0,0,0,0,0,0,0,0,0,0,0,0,0,0,0,0,0,0,0,0,0,0,0,0,0,0,0,0,0,0,0,0,0,0,0,0,0,0,0,0,0,0,0,0,0,0,0,0,0,0,0,0,0,0,0,0,0,0,0,0,0,0,0,0,0,0,0,0,0,0,0,0,0,0,0,0,0,0,0,0,0,0,0,0,0,0,0,0,0,0,0,0
0,0,0,0,0,0,0,0,0,0,0,0,0,0,0,0,0,0,0,0,0,0,0,0,0,0,0,0,0,0,0,0,0,0,0,0,0,0,0,0,0,0,0,0,0,0,0,0,0,0,0,0,0,0,0,0,0,0,0,0,0,0,0,0,0,0,0,0,0,0,0,0,0,0,0,0,0,0,0,0,0,0,0,0,0,0,0,0,0,0,0,0,0,0,0,0,0,0,0,0
0,0,0,0,0,0,0,0,0,0,0,0,0,0,0,0,0,0,0,0,0,0,0,0,0,0,0,0,0,0,0,0,0,0,0,0,0,0,0,0,0,0,0,0,0,0,0,0,0,0,0,0,0,0,0,0,0,0,0,0,0,0,0,0,0,0,0,0,0,0,0,0,0,0,0,0,0,0,0,0,0,0,0,0,0,0,0,0,0,0,0,0,0,0,0,0,0,0,0,0
0,0,0,0,0,0,0,0,0,0,0,0,0,0,0,0,0,0,0,0,0,0,0,0,0,0,0,0,0,0,0,0,0,0,0,0,0,0,0,0,0,0,0,0,0,0,0,0,0,0,0,0,0,0,0,0,0,0,0,0,0,0,0,0,0,0,0,0,0,0,0,0,0,0,0,0,0,0,0,0,0,0,0,0,0,0,0,0,0,0,0,0,0,0,0,0,0,0,0,0
186,0,976,222,1118,1136,1049,0,0,0,222,1059,158,0,1189,0,222,0,0,1006,877,186,0,0,0,0,193,220,211,1132,221,0,1055,0,0,1111,0,1088,1088,0,0,0,1072,1018,6,877,1118,0,970,114,0,0,221,186,216,961,0,864,221,0,0,1128,222,0,0,990,0,1189,0,0,0,975,0,0,0,903,1101,224,186,1055,1055,1081,1035,0,0,1128,0,0,984,201,211,1059,964,15,1061,171,949,0,0,990
0,0,0,0,0,0,0,0,0,0,0,0,0,0,0,0,0,0,0,0,0,0,0,0,0,0,0,0,0,1,0,0,0,0,0,0,0,0,0,0,0,0,0,0,0,0,0,0,0,0,0,0,0,0,0,0,0,0,0,0,0,0,0,0,0,0,0,0,0,0,0,0,0,0,0,0,0,0,0,0,0,0,0,0,0,0,0,0,0,0,0,0,0,0,0,0,0,0,0,0
0,0,0,0,0,0,0,0,0,0,0,0,0,0,0,763,0,0,0,0,0,0,0,0,0,0,0,0,0,0,0,1453,0,1116,0,0,0,0,0,0,0,0,0,0,0,0,0,0,0,0,1357,0,0,0,0,0,0,0,0,0,0,0,0,0,0,0,0,0,0,1355,0,0,0,0,0,0,0,0,0,0,0,0,0,1462,0,0,0,0,0,0,0,0,0,0,0,0,0,0,0,0
0,0,0,0,0,0,0,0,0,0,0,0,0,1788,0,0,0,0,0,0,0,0,0,0,0,0,0,0,0,1155,0,0,0,0,0,0,0,0,0,0,0,0,0,1784,0,0,0,0,0,0,0,0,0,0,0,0,0,0,0,0,0,0,0,0,0,0,0,0,0,0,0,0,0,0,0,0,0,0,0,0,0,0,0,0,0,0,0,0,0,0,0,0,0,0,0,0,1788,1788,0,0
0,0,0,0,0,0,0,0,0,0,0,0,0,0,0,7,0,0,0,0,0,0,0,0,0,0,0,0,0,393,0,7,0,8,0,0,0,0,0,0,0,0,0,385,0,0,0,0,0,0,8,0,0,0,0,0,0,0,0,0,0,0,0,0,0,0,0,0,0,8,0,0,0,0,0,0,0,0,0,0,0,0,0,8,0,0,0,0,0,0,0,0,0,0,0,0,275,0,0,0
0,0,0,0,0,0,0,0,0,0,0,0,0,0,0,0,0,0,0,0,0,0,0,0,0,0,0,0,0,0,0,0,0,0,0,0,0,0,0,0,0,0,0,0,0,0,0,0,0,0,0,0,0,0,0,0,0,0,0,0,0,0,0,0,0,0,0,0,0,0,0,0,0,0,0,0,0,0,0,0,0,0,0,0,0,0,0,0,0,0,0,0,0,0,0,0,0,0,0,0
0,0,0,0,11,11,0,11,0,0,0,0,0,171,16,0,0,0,0,0,100,0,0,0,0,0,0,0,0,0,0,0,0,0,0,0,0,0,10,0,0,0,0,0,0,99,0,107,0,0,0,116,0,0,0,87,0,99,0,7,0,16,0,0,0,0,0,25,0,0,0,75,0,0,0,0,4,0,0,0,0,0,0,0,0,12,0,0,0,0,0,0,79,0,0,0,0,158,0,0
310,234,204,293,132,133,144,161,215,297,291,147,308,266,139,0,291,297,246,174,121,309,231,285,259,286,306,291,303,265,292,0,144,0,275,142,287,140,135,215,281,274,144,181,301,109,141,124,202,313,0,117,299,309,301,112,297,106,293,169,272,136,293,257,299,180,265,132,276,0,283,114,265,289,226,240,139,285,311,147,148,142,145,0,267,135,275,256,192,307,305,146,114,302,146,305,137,296,281,176
0,0,0,0,0,0,0,0,0,0,0,0,0,0,0,1,0,0,0,0,0,0,0,0,0,0,0,0,0,0,0,1,0,1,0,0,0,0,0,0,0,0,0,0,0,0,0,0,0,0,1,0,0,0,0,0,0,0,0,0,0,0,0,0,0,0,0,0,0,1,0,0,0,0,0,0,0,0,0,0,0,0,0,1,0,0,0,0,0,0,0,0,0,0,0,0,0,0,0,0
0,101,0,0,0,0,0,510,184,0,0,0,0,0,0,1569,0,0,96,0,0,0,108,0,29,0,0,0,0,1794,0,1540,0,1568,0,0,0,0,0,188,0,0,0,829,0,0,0,687,0,0,1433,678,0,0,0,0,0,0,0,488,20,0,0,29,0,0,8,0,0,1433,0,0,10,0,108,0,0,0,0,0,0,0,0,1523,4,0,0,81,0,0,0,0,0,0,0,0,409,0,0,0
0,0,0,0,0,0,0,0,0,0,0,0,0,0,0,47,0,0,0,0,0,0,0,0,0,0,0,0,0,0,0,48,0,48,0,0,0,0,0,0,0,0,0,0,0,0,0,0,0,0,49,0,0,0,0,0,0,0,0,0,0,0,0,0,0,0,0,0,0,48,0,0,0,0,0,0,0,0,0,0,0,0,0,48,0,0,0,0,0,0,0,0,0,0,0,0,0,0,0,0
0,0,0,0,0,0,0,0,0,0,0,0,0,0,0,0,0,0,0,0,0,0,0,0,0,0,0,0,0,0,0,0,0,0,0,0,0,0,0,0,0,0,0,0,0,0,0,0,0,0,0,0,0,0,0,0,0,0,0,0,0,0,0,0,0,0,0,0,0,0,0,0,0,0,0,0,0,0,0,0,0,0,0,0,0,0,0,0,0,0,0,0,0,0,0,0,0,0,0,0
0,0,0,0,0,0,0,0,0,0,0,0,0,0,0,0,0,0,0,0,0,0,0,0,0,0,0,0,0,0,0,0,0,0,0,0,0,0,0,0,0,0,0,0,0,0,0,0,0,0,0,0,0,0,0,0,0,0,0,0,0,0,0,0,0,0,0,0,0,0,0,0,0,0,0,0,0,0,0,0,0,0,0,0,0,0,0,0,0,0,0,0,0,0,0,0,0,0,0,0
0,0,0,0,0,0,0,0,0,0,0,0,0,0,0,0,0,0,0,0,0,0,0,0,0,0,0,0,0,0,0,0,0,0,0,0,0,0,0,0,0,0,0,0,0,0,0,0,0,0,0,0,0,0,0,0,0,0,0,0,0,0,0,0,0,0,0,0,0,0,0,0,0,0,0,0,0,0,0,0,0,0,0,0,0,0,0,0,0,0,0,0,0,0,0,0,0,0,0,0
0,0,0,0,0,0,0,0,0,0,0,0,0,0,0,0,0,0,0,0,0,0,0,0,0,0,0,0,0,0,0,0,0,0,0,0,0,0,0,0,0,0,0,0,0,0,0,0,0,0,0,0,0,0,0,0,0,0,0,0,0,0,0,0,0,0,0,0,0,0,0,0,0,0,0,0,0,0,0,0,0,0,0,0,0,0,0,0,0,0,0,0,0,0,0,0,0,0,0,0
0,0,0,0,0,0,0,0,0,0,0,0,0,0,0,0,0,0,0,0,0,0,0,0,0,0,0,0,0,0,0,0,0,0,0,0,0,0,0,0,0,0,0,0,0,0,0,0,0,0,0,0,0,0,0,0,0,0,0,0,0,0,0,0,0,0,0,0,0,0,0,0,0,0,0,0,0,0,0,0,0,0,0,0,0,0,0,0,0,0,0,0,0,0,0,0,0,0,0,0
0,0,0,0,0,0,0,0,0,0,0,0,0,0,0,0,0,0,0,0,0,0,0,0,0,0,0,0,0,0,0,0,0,0,0,0,0,0,0,0,0,0,0,0,0,0,0,0,0,0,0,0,0,0,0,0,0,0,0,0,0,0,0,0,0,0,0,0,0,0,0,0,0,0,0,0,0,0,0,0,0,0,0,0,0,0,0,0,0,0,0,0,0,0,0,0,0,0,0,0
154,484,201,203,171,171,183,1446,598,334,118,178,181,41,168,0,118,317,431,187,121,194,454,272,215,205,190,118,153,172,115,0,182,0,449,171,428,172,172,611,260,232,173,140,486,121,171,2327,201,179,1,2503,184,232,199,134,300,120,208,1381,196,168,200,276,362,193,218,160,369,1,473,138,234,195,483,195,171,116,140,182,179,172,182,0,218,171,225,419,196,134,178,177,136,427,177,308,127,60,368,190
0,0,0,0,0,0,0,0,0,0,0,0,0,0,0,0,0,0,0,0,0,0,0,0,0,0,0,0,0,0,0,0,0,0,0,0,0,0,0,0,0,0,0,0,0,0,0,0,0,0,0,0,0,0,0,0,0,0,0,0,0,0,0,0,0,0,0,0,0,0,0,0,0,0,0,0,0,0,0,0,0,0,0,0,0,0,0,0,0,0,0,0,0,0,0,0,0,0,0,0
0,0,0,0,0,0,0,0,0,0,0,0,0,0,0,0,0,0,0,0,0,0,0,0,0,0,0,0,0,0,0,0,0,0,0,0,0,0,0,0,0,0,0,0,0,0,0,0,0,0,0,0,0,0,0,0,0,0,0,0,0,0,0,0,0,0,0,0,0,0,0,0,0,0,0,0,0,0,0,0,0,0,0,0,0,0,0,0,0,0,0,0,0,0,0,0,0,0,0,0
0,0,0,0,0,0,0,0,0,0,0,0,0,0,0,1043,0,0,0,0,0,0,0,0,0,0,0,0,0,0,0,882,0,966,0,0,0,0,0,0,0,0,0,0,0,0,0,0,0,0,617,0,0,0,0,0,0,0,0,0,0,0,0,0,0,0,0,0,0,617,0,0,0,0,0,0,0,0,0,0,0,0,0,869,0,0,0,0,0,0,0,0,0,0,0,0,0,0,0,0
39,21,94,40,74,74,79,7,10,36,58,79,39,0,70,0,58,36,23,92,52,40,21,36,24,34,40,56,40,0,53,0,79,0,31,78,37,78,76,9,32,27,79,0,37,52,78,0,94,39,0,0,40,40,40,67,36,49,40,8,24,70,40,27,36,94,25,70,30,0,37,67,25,33,21,106,78,65,39,79,79,78,79,0,26,71,27,24,94,39,40,79,67,38,79,40,0,0,32,93
0,0,0,0,0,0,0,21,8,0,0,0,0,0,0,0,0,0,0,0,0,0,0,0,0,0,0,0,0,0,0,0,0,0,0,0,0,0,0,8,0,0,0,0,0,0,0,213,0,0,0,364,0,0,0,0,0,0,0,17,0,0,0,0,0,0,0,0,0,0,0,0,0,0,0,0,0,0,0,0,0,0,0,0,0,0,0,0,0,0,0,0,0,0,0,0,0,0,0,0
143,142,0,104,61,65,6,141,141,143,57,14,143,141,74,0,57,142,141,0,128,143,141,142,142,142,143,59,142,599,60,0,6,0,143,38,143,25,57,141,142,142,21,351,145,128,38,140,0,142,0,140,135,143,135,122,142,128,109,141,141,77,102,142,143,0,142,97,143,0,144,118,142,142,142,0,38,50,143,7,8,38,6,0,142,74,142,141,0,142,143,17,122,143,17,149,331,164,143,0
0,0,0,0,0,0,0,0,0,0,0,0,0,0,0,0,0,0,0,0,0,0,0,0,0,0,0,0,0,0,0,0,0,0,0,0,0,0,0,0,0,0,0,0,0,0,0,0,0,0,0,0,0,0,0,0,0,0,0,0,0,0,0,0,0,0,0,0,0,0,0,0,0,0,0,0,0,0,0,0,0,0,0,0,0,0,0,0,0,0,0,0,0,0,0,0,0,0,0,0
0,0,0,0,0,0,0,0,0,0,0,0,0,0,0,0,0,0,0,0,0,0,0,0,0,0,0,0,0,0,0,0,0,0,0,0,0,0,0,0,0,0,0,0,0,0,0,0,0,0,0,0,0,0,0,0,0,0,0,0,0,0,0,0,0,0,0,0,0,0,0,0,0,0,0,0,0,0,0,0,0,0,0,0,0,0,0,0,0,0,0,0,0,0,0,0,0,0,0,0
0,0,0,0,0,0,0,0,0,0,0,0,0,0,0,0,0,0,0,0,0,0,0,0,0,0,0,0,0,0,0,0,0,0,0,0,0,0,0,0,0,0,0,0,0,0,0,0,0,0,0,0,0,0,0,0,0,0,0,0,0,0,0,0,0,0,0,0,0,0,0,0,0,0,0,0,0,0,0,0,0,0,0,0,0,0,0,0,0,0,0,0,0,0,0,0,0,0,0,0
0,0,734,112,884,889,818,0,0,0,197,832,0,112,924,1301,182,0,0,779,534,0,0,0,0,0,0,130,26,217,169,1293,826,1295,0,881,0,874,874,0,0,0,866,81,0,534,884,0,729,0,1265,0,71,0,70,628,0,531,106,0,0,888,114,0,0,754,0,926,0,1266,0,706,0,0,0,486,876,229,0,826,826,873,809,1281,0,888,0,0,751,6,22,832,658,0,846,29,81,116,0,756
0,0,0,0,0,0,0,0,0,0,0,0,0,0,0,0,0,0,0,0,0,0,0,0,0,0,0,0,0,0,0,0,0,0,0,0,0,0,0,0,0,0,0,0,0,0,0,0,0,0,0,0,0,0,0,0,0,0,0,0,0,0,0,0,0,0,0,0,0,0,0,0,0,0,0,0,0,0,0,0,0,0,0,0,0,0,0,0,0,0,0,0,0,0,0,0,0,0,0,0
0,0,0,0,0,0,0,0,0,0,0,0,0,0,0,0,0,0,0,0,0,0,0,0,0,0,0,0,0,0,0,0,0,0,0,0,0,0,0,0,0,0,0,0,0,0,0,0,0,0,0,0,0,0,0,0,0,0,0,0,0,0,0,0,0,0,0,0,0,0,0,0,0,0,0,0,0,0,0,0,0,0,0,0,0,0,0,0,0,0,0,0,0,0,0,0,0,0,0,0
15,0,263,138,549,568,326,0,0,0,155,364,1,0,592,0,142,0,0,273,0,15,0,0,0,0,32,102,60,0,136,0,353,0,0,528,0,484,484,0,0,0,419,0,0,0,549,0,258,0,0,0,82,18,79,0,0,0,129,0,0,562,138,0,0,265,0,592,0,0,0,11,0,0,0,203,507,175,15,353,353,465,305,0,0,562,0,0,265,42,65,364,0,0,382,16,0,0,0,265
0,0,0,0,0,0,0,0,0,0,0,0,0,0,0,1380,0,0,0,0,0,0,0,0,0,0,0,0,0,1,0,1381,0,1381,0,0,0,0,0,0,0,0,0,1,0,0,0,0,0,0,1381,0,0,0,0,0,0,0,0,0,0,0,0,0,0,0,0,0,0,1381,0,0,0,0,0,0,0,0,0,0,0,0,0,1381,0,0,0,0,0,0,0,0,0,0,0,0,1,0,0,0
0,0,0,0,0,0,0,0,0,0,0,0,0,0,0,0,0,0,0,0,0,0,0,0,0,0,0,0,0,192,0,0,0,0,0,0,0,0,0,0,0,0,0,190,0,0,0,0,0,0,0,0,0,0,0,0,0,0,0,0,0,0,0,0,0,0,0,0,0,0,0,0,0,0,0,0,0,0,0,0,0,0,0,0,0,0,0,0,0,0,0,0,0,0,0,0,160,0,0,0
0,0,0,0,0,0,0,0,0,0,0,0,0,215,0,5,0,0,0,0,0,0,0,0,0,0,0,0,0,814,0,23,0,16,0,0,0,0,0,0,0,0,0,709,0,0,0,0,0,0,61,0,0,0,0,0,0,0,0,0,0,0,0,0,0,0,0,0,0,61,0,0,0,0,0,0,0,0,0,0,0,0,0,28,0,0,0,0,0,0,0,0,0,0,0,0,692,325,0,0
0,0,0,0,0,0,0,0,0,0,0,0,0,0,0,574,0,0,0,0,0,0,0,0,0,0,0,0,0,0,0,541,0,555,0,0,0,0,0,0,0,0,0,0,0,0,0,0,0,0,465,0,0,0,0,0,0,0,0,0,0,0,0,0,0,0,0,0,0,465,0,0,0,0,0,0,0,0,0,0,0,0,0,543,0,0,0,0,0,0,0,0,0,0,0,0,0,0,0,0
8,0,297,48,665,674,455,0,0,0,75,533,5,313,693,0,75,0,0,340,819,9,0,0,0,0,17,70,22,0,72,0,452,0,0,627,0,598,657,0,0,0,575,0,0,819,618,0,299,1,0,0,27,9,28,827,0,819,44,0,0,693,50,0,0,316,0,723,0,0,0,829,0,0,0,188,625,79,8,489,500,627,430,0,0,677,0,0,311,20,22,539,828,0,540,12,0,207,0,326
0,0,0,0,0,0,0,0,0,0,0,0,0,0,0,0,0,0,0,0,0,0,0,0,0,0,0,0,0,11,0,0,0,0,0,0,0,0,0,0,0,0,0,7,0,0,0,0,0,0,0,0,0,0,0,0,0,0,0,0,0,0,0,0,0,0,0,0,0,0,0,0,0,0,0,0,0,0,0,0,0,0,0,0,0,0,0,0,0,0,0,0,0,0,0,0,5,0,0,0
0,0,0,0,0,0,0,0,0,0,0,0,0,0,0,36,0,0,0,0,0,0,0,0,0,0,0,0,0,0,0,8,0,17,0,0,0,0,0,0,0,0,0,0,0,0,0,0,0,0,0,0,0,0,0,0,0,0,0,0,0,0,0,0,0,0,0,0,0,0,0,0,0,0,0,0,0,0,0,0,0,0,0,1,0,0,0,0,0,0,0,0,0,0,0,0,0,0,0,0
0,0,0,0,0,0,0,0,0,0,0,0,0,72,0,0,0,0,0,0,22,0,0,0,0,0,0,0,0,110,0,0,0,0,0,0,0,0,0,0,0,0,0,68,0,22,0,0,0,0,0,0,0,0,0,15,0,22,0,0,0,0,0,0,0,0,0,0,0,0,0,7,0,0,0,0,0,0,0,0,0,0,0,0,0,0,0,0,0,0,0,0,15,0,0,0,64,69,0,0
0,0,0,0,0,0,0,0,0,0,0,0,0,0,0,0,0,0,0,0,0,0,0,0,0,0,0,0,0,0,0,0,0,0,0,0,0,0,0,0,0,0,0,0,0,0,0,0,0,0,0,0,0,0,0,0,0,0,0,0,0,0,0,0,0,0,0,0,0,0,0,0,0,0,0,0,0,0,0,0,0,0,0,0,0,0,0,0,0,0,0,0,0,0,0,0,0,0,0,0
73,310,74,75,74,74,78,1546,659,56,63,75,68,41,74,1258,63,56,245,70,58,73,334,56,68,56,74,63,75,266,63,1394,78,1347,62,73,56,73,74,673,61,65,75,181,59,58,73,1553,74,67,1570,1584,76,73,75,58,56,58,76,1512,70,74,75,67,58,70,67,74,62,1570,56,58,68,56,336,71,74,59,73,78,77,73,78,1417,66,74,63,148,70,74,75,75,58,59,75,71,125,44,61,70
0,0,0,0,0,0,0,0,0,0,0,0,0,0,0,0,0,0,0,0,0,0,0,0,0,0,0,0,0,0,0,0,0,0,0,0,0,0,0,0,0,0,0,0,0,0,0,0,0,0,0,0,0,0,0,0,0,0,0,0,0,0,0,0,0,0,0,0,0,0,0,0,0,0,0,0,0,0,0,0,0,0,0,0,0,0,0,0,0,0,0,0,0,0,0,0,0,0,0,0
0,0,0,0,0,0,0,0,0,0,0,0,0,244,0,0,0,0,0,0,0,0,0,0,0,0,0,0,0,0,0,0,0,0,0,0,0,0,0,0,0,0,0,47,0,0,0,0,0,0,0,0,0,0,0,0,0,0,0,0,0,0,0,0,0,0,0,0,0,0,0,0,0,0,0,0,0,0,0,0,0,0,0,0,0,0,0,0,0,0,0,0,0,0,0,0,105,238,0,0
0,0,0,0,0,0,0,0,0,0,0,0,0,1060,0,0,0,0,0,0,60,0,0,0,0,0,0,0,0,349,0,0,0,0,0,0,0,0,0,0,0,0,0,722,0,60,0,0,0,0,0,0,0,0,0,35,0,61,0,0,0,0,0,0,0,0,0,0,0,0,0,19,0,0,0,0,0,0,0,0,0,0,0,0,0,0,0,0,0,0,0,0,29,0,0,0,901,1130,0,0
0,0,0,0,0,0,0,0,0,0,0,0,0,0,0,0,0,0,0,0,0,0,0,0,0,0,0,0,0,0,0,0,0,0,0,0,0,0,0,0,0,0,0,0,0,0,0,0,0,0,0,0,0,0,0,0,0,0,0,0,0,0,0,0,0,0,0,0,0,0,0,0,0,0,0,0,0,0,0,0,0,0,0,0,0,0,0,0,0,0,0,0,0,0,0,0,0,0,0,0
0,0,0,0,0,0,0,0,0,0,0,0,0,0,0,0,0,0,0,0,0,0,0,0,0,0,0,0,0,0,0,0,0,0,0,0,0,0,0,0,0,0,0,0,0,0,0,0,0,0,0,0,0,0,0,0,0,0,0,0,0,0,0,0,0,0,0,0,0,0,0,0,0,0,0,0,0,0,0,0,0,0,0,0,0,0,0,0,0,0,0,0,0,0,0,0,0,0,0,0
0,0,0,0,0,0,0,0,0,0,0,0,0,0,0,0,0,0,0,0,0,0,0,0,0,0,0,0,0,0,0,0,0,0,0,0,0,0,0,0,0,0,0,0,0,0,0,0,0,0,0,0,0,0,0,0,0,0,0,0,0,0,0,0,0,0,0,0,0,0,0,0,0,0,0,0,0,0,0,0,0,0,0,0,0,0,0,0,0,0,0,0,0,0,0,0,0,0,0,0
0,0,0,0,0,0,0,0,0,0,0,0,0,0,0,0,0,0,0,0,0,0,0,0,0,0,0,0,0,0,0,0,0,0,0,0,0,0,0,0,0,0,0,0,0,0,0,0,0,0,0,0,0,0,0,0,0,0,0,0,0,0,0,0,0,0,0,0,0,0,0,0,0,0,0,0,0,0,0,0,0,0,0,0,0,0,0,0,0,0,0,0,0,0,0,0,0,0,0,0
0,0,0,0,0,0,0,0,0,0,0,0,0,0,0,0,0,0,0,0,0,0,0,0,0,0,0,0,0,0,0,0,0,0,0,0,0,0,0,0,0,0,0,0,0,0,0,0,0,0,0,0,0,0,0,0,0,0,0,0,0,0,0,0,0,0,0,0,0,0,0,0,0,0,0,0,0,0,0,0,0,0,0,0,0,0,0,0,0,0,0,0,0,0,0,0,0,0,0,0
0,0,0,0,0,0,0,0,0,0,0,0,0,0,0,0,0,0,0,0,0,0,0,0,0,0,0,0,0,0,0,0,0,0,0,0,0,0,0,0,0,0,0,0,0,0,0,0,0,0,0,0,0,0,0,0,0,0,0,0,0,0,0,0,0,0,0,0,0,0,0,0,0,0,0,0,0,0,0,0,0,0,0,0,0,0,0,0,0,0,0,0,0,0,0,0,0,0,0,0
0,0,0,0,0,0,0,0,0,0,0,0,0,0,0,0,0,0,0,0,0,0,0,0,0,0,0,0,0,0,0,0,0,0,0,0,0,0,0,0,0,0,0,0,0,0,0,0,0,0,0,0,0,0,0,0,0,0,0,0,0,0,0,0,0,0,0,0,0,0,0,0,0,0,0,0,0,0,0,0,0,0,0,0,0,0,0,0,0,0,0,0,0,0,0,0,0,0,0,0
0,0,0,0,0,0,0,0,0,0,0,0,0,0,0,0,0,0,0,0,0,0,0,0,0,0,0,0,0,0,0,0,0,0,0,0,0,0,0,0,0,0,0,0,0,0,0,0,0,0,0,0,0,0,0,0,0,0,0,0,0,0,0,0,0,0,0,0,0,0,0,0,0,0,0,0,0,0,0,0,0,0,0,0,0,0,0,0,0,0,0,0,0,0,0,0,0,0,0,0
0,0,0,0,0,0,0,0,0,0,0,0,0,0,0,3005,0,0,0,0,0,0,0,0,0,0,0,0,0,0,0,2002,0,2301,0,0,0,0,0,0,0,0,0,0,0,0,0,0,0,0,1388,0,0,0,0,0,0,0,0,0,0,0,0,0,0,0,0,0,0,1388,0,0,0,0,0,0,0,0,0,0,0,0,0,1934,0,0,0,0,0,0,0,0,0,0,0,0,0,0,0,0
0,0,0,0,0,0,0,0,0,0,0,0,0,0,0,0,0,0,0,0,0,0,0,0,0,0,0,0,0,0,0,0,0,0,0,0,0,0,0,0,0,0,0,0,0,0,0,0,0,0,0,0,0,0,0,0,0,0,0,0,0,0,0,0,0,0,0,0,0,0,0,0,0,0,0,0,0,0,0,0,0,0,0,0,0,0,0,0,0,0,0,0,0,0,0,0,0,0,0,0
0,0,0,0,0,0,0,0,0,0,0,0,0,0,0,0,0,0,0,0,0,0,0,0,0,0,0,0,0,0,0,0,0,0,0,0,0,0,0,0,0,0,0,0,0,0,0,0,0,0,0,0,0,0,0,0,0,0,0,0,0,0,0,0,0,0,0,0,0,0,0,0,0,0,0,0,0,0,0,0,0,0,0,0,0,0,0,0,0,0,0,0,0,0,0,0,0,0,0,0
0,0,0,0,0,0,0,0,0,0,0,0,0,0,0,0,0,0,0,0,0,0,0,0,0,0,0,0,0,0,0,0,0,0,0,0,0,0,0,0,0,0,0,0,0,0,0,0,0,0,0,0,0,0,0,0,0,0,0,0,0,0,0,0,0,0,0,0,0,0,0,0,0,0,0,0,0,0,0,0,0,0,0,0,0,0,0,0,0,0,0,0,0,0,0,0,0,0,0,0
0,0,217,0,642,655,422,0,0,0,0,454,0,1331,705,0,0,0,0,277,1167,0,0,0,0,0,0,0,0,58,0,0,408,0,0,549,0,528,614,0,0,0,493,371,0,1167,546,0,227,0,0,0,0,0,0,1123,0,1179,0,0,0,705,0,0,0,244,0,747,0,0,0,1064,0,0,0,89,560,0,0,436,442,549,389,0,0,667,0,0,237,0,0,456,1102,0,456,0,447,1146,0,267
0,0,0,0,0,0,0,0,0,0,0,0,0,0,0,0,0,0,0,0,0,0,0,0,0,0,0,0,0,0,0,0,0,0,0,0,0,0,0,0,0,0,0,0,0,0,0,0,0,0,0,0,0,0,0,0,0,0,0,0,0,0,0,0,0,0,0,0,0,0,0,0,0,0,0,0,0,0,0,0,0,0,0,0,0,0,0,0,0,0,0,0,0,0,0,0,0,0,0,0
0,0,0,0,0,0,0,0,0,0,0,0,0,0,0,0,0,0,0,0,0,0,0,0,0,0,0,0,0,0,0,0,0,0,0,0,0,0,0,0,0,0,0,0,0,0,0,0,0,0,0,0,0,0,0,0,0,0,0,0,0,0,0,0,0,0,0,0,0,0,0,0,0,0,0,0,0,0,0,0,0,0,0,0,0,0,0,0,0,0,0,0,0,0,0,0,0,0,0,0
0,0,0,0,0,0,0,0,0,0,0,0,0,6748,0,0,0,0,0,0,181,0,0,0,0,0,0,0,0,10605,0,0,0,0,0,0,0,0,0,0,0,0,0,12448,0,181,0,0,0,0,0,0,0,0,0,148,0,183,0,0,0,0,0,0,0,0,0,0,0,0,0,127,0,0,0,0,0,0,0,0,0,0,0,0,0,0,0,0,0,0,0,0,145,0,0,0,12856,10200,0,0
0,0,0,0,0,0,0,0,0,0,0,0,0,0,0,0,0,0,0,0,0,0,0,0,0,0,0,0,0,0,0,0,0,0,0,0,0,0,0,0,0,0,0,5,0,0,0,0,0,0,0,0,0,0,0,0,0,0,0,0,0,0,0,0,0,0,0,0,0,0,0,0,0,0,0,0,0,0,0,0,0,0,0,0,0,0,0,0,0,0,0,0,0,0,0,0,6,0,0,0
6660,7015,5362,6590,5459,5496,5371,6303,6942,6695,6180,5383,6676,1046,5528,109,6181,6690,7021,5328,5488,6654,7013,6778,7089,6722,6652,6207,6648,607,6248,122,5415,124,6830,5440,6704,5424,5412,6938,6820,6919,5401,891,6664,5487,5467,3890,5348,6674,148,3681,6654,6655,6662,5488,6691,5484,6594,6509,7056,5451,6583,7089,6673,5358,7015,5499,6827,148,6770,5461,7021,6717,7013,4983,5421,6096,6660,5399,5398,5389,5361,125,6973,5457,6854,7053,5356,6660,6652,5372,5472,6668,5387,6680,953,1059,6816,5322
0,0,0,0,0,0,0,0,0,0,0,0,0,3300,0,0,0,0,0,0,27,0,0,0,0,0,0,0,0,1683,0,0,0,0,0,0,0,0,0,0,0,0,0,2347,0,27,0,0,0,0,0,0,0,0,0,0,0,33,0,0,0,0,0,0,0,0,0,0,0,0,0,0,0,0,0,0,0,0,0,0,0,0,0,0,0,0,0,0,0,0,0,0,0,0,0,0,2628,3274,0,0
0,0,0,0,0,0,0,0,0,0,0,0,0,0,0,0,0,0,0,0,0,0,0,0,0,0,0,0,0,0,0,0,0,0,0,0,0,0,0,0,0,0,0,0,0,0,0,0,0,0,0,0,0,0,0,0,0,0,0,0,0,0,0,0,0,0,0,0,0,0,0,0,0,0,0,0,0,0,0,0,0,0,0,0,0,0,0,0,0,0,0,0,0,0,0,0,0,0,0,0
0,0,0,0,0,0,0,0,0,0,0,0,0,0,0,98,0,0,0,0,0,0,0,0,0,0,0,0,0,0,0,97,0,101,0,0,0,0,0,0,0,0,0,0,0,0,0,0,0,0,92,0,0,0,0,0,0,0,0,0,0,0,0,0,0,0,0,0,0,92,0,0,0,0,0,0,0,0,0,0,0,0,0,97,0,0,0,0,0,0,0,0,0,0,0,0,0,0,0,0
0,0,0,0,0,0,0,0,0,0,0,0,0,0,0,4255,0,0,0,0,0,0,0,0,0,0,0,0,0,0,0,3471,0,3987,0,0,0,0,0,0,0,0,0,0,0,0,0,0,0,0,2288,0,0,0,0,0,0,0,0,0,0,0,0,0,0,0,0,0,0,2288,0,0,0,0,0,0,0,0,0,0,0,0,0,3321,0,0,0,0,0,0,0,0,0,0,0,0,0,0,0,0
0,0,32,0,493,680,6,0,0,0,0,14,0,2471,1209,22,0,0,0,8,3487,0,0,0,0,0,0,0,0,344,0,91,6,57,0,213,0,110,470,0,0,0,55,254,0,3498,166,0,34,0,164,0,0,0,0,3515,0,3511,0,0,0,1236,0,0,0,21,0,2159,0,164,0,3577,0,0,0,73,344,18,0,6,6,214,6,94,0,830,0,0,27,0,0,19,3540,0,19,0,246,1039,0,21
0,0,0,0,0,0,0,0,0,0,0,0,0,0,0,0,0,0,0,0,0,0,0,0,0,0,0,0,0,0,0,0,0,0,0,0,0,0,0,0,0,0,0,0,0,0,0,0,0,0,0,0,0,0,0,0,0,0,0,0,0,0,0,0,0,0,0,0,0,0,0,0,0,0,0,0,0,0,0,0,0,0,0,0,0,0,0,0,0,0,0,0,0,0,0,0,0,0,0,0
0,0,0,0,0,0,0,0,0,0,0,0,0,0,0,1083,0,0,0,0,0,0,0,0,0,0,0,0,0,0,0,864,0,909,0,0,0,0,0,0,0,0,0,0,0,0,0,0,0,0,536,0,0,0,0,0,0,0,0,0,0,0,0,0,0,0,0,0,0,539,0,0,0,0,0,0,0,0,0,0,0,0,0,863,0,0,0,0,0,0,0,0,0,0,0,0,0,0,0,0
0,0,0,0,0,0,0,0,0,0,0,0,0,0,0,0,0,0,0,0,0,0,0,0,0,0,0,0,0,0,0,0,0,0,0,0,0,0,0,0,0,0,0,0,0,0,0,0,0,0,0,0,0,0,0,0,0,0,0,0,0,0,0,0,0,0,0,0,0,0,0,0,0,0,0,0,0,0,0,0,0,0,0,0,0,0,0,0,0,0,0,0,0,0,0,0,0,0,0,0
34,0,128,41,108,106,132,0,0,21,43,133,34,0,98,0,43,21,0,132,73,35,0,12,0,14,35,40,36,0,43,0,133,0,3,122,16,124,110,0,5,0,126,0,26,73,123,0,126,30,0,0,38,35,38,73,21,73,40,0,0,98,41,0,24,132,0,92,2,0,13,76,0,15,0,100,122,44,34,133,133,122,132,0,0,103,2,0,132,35,37,132,74,25,132,37,0,0,7,132
128,254,0,86,0,0,0,300,265,146,63,0,128,0,0,0,69,168,270,0,0,116,265,184,246,225,110,83,113,0,73,0,0,0,113,0,116,0,0,270,188,207,0,0,95,0,0,359,0,184,0,351,92,101,91,0,179,0,88,285,272,0,86,188,128,0,239,0,128,0,101,0,207,254,254,0,0,58,146,0,0,0,0,0,239,0,207,270,0,178,95,0,0,116,0,91,0,0,128,0
0,0,0,0,0,0,0,0,0,0,0,0,0,0,0,8233,0,0,0,0,0,0,0,0,0,0,0,0,0,0,0,8478,0,8452,0,0,0,0,0,0,0,0,0,0,0,0,0,707,0,0,8174,705,0,0,0,0,0,0,0,0,0,0,0,0,0,0,0,0,0,8205,0,0,0,0,0,0,0,0,0,0,0,0,0,8452,0,0,0,0,0,0,0,0,0,0,0,0,0,0,0,0
0,0,0,0,0,0,0,0,0,0,0,0,0,0,0,324,0,0,0,0,0,0,0,0,0,0,0,0,0,12,0,429,0,392,0,0,0,0,0,0,0,0,0,0,0,0,0,0,0,0,440,0,0,0,0,0,0,0,0,0,0,0,0,0,0,0,0,0,0,440,0,0,0,0,0,0,0,0,0,0,0,0,0,431,0,0,0,0,0,0,0,0,0,0,0,0,0,0,0,0
0,0,0,0,0,0,0,0,0,0,0,0,0,0,0,28,0,0,0,0,0,0,0,0,0,0,0,0,0,0,0,288,0,158,0,0,0,0,0,0,0,0,0,0,0,0,0,0,0,0,386,0,0,0,0,0,0,0,0,0,0,0,0,0,0,0,0,0,0,383,0,0,0,0,0,0,0,0,0,0,0,0,0,309,0,0,0,0,0,0,0,0,0,0,0,0,0,0,0,0
0,0,0,0,0,0,0,0,0,0,0,0,0,0,0,57,0,0,0,0,0,0,0,0,0,0,0,0,0,0,0,57,0,56,0,0,0,0,0,0,0,0,0,0,0,0,0,0,0,0,38,0,0,0,0,0,0,0,0,0,0,0,0,0,0,0,0,0,0,39,0,0,0,0,0,0,0,0,0,0,0,0,0,56,0,0,0,0,0,0,0,0,0,0,0,0,0,0,0,0
0,0,0,0,0,0,0,0,0,0,0,0,0,0,0,0,0,0,0,0,0,0,0,0,0,0,0,0,0,0,0,0,0,0,0,0,0,0,0,0,0,0,0,0,0,0,0,0,0,0,0,0,0,0,0,0,0,0,0,0,0,0,0,0,0,0,0,0,0,0,0,0,0,0,0,0,0,0,0,0,0,0,0,0,0,0,0,0,0,0,0,0,0,0,0,0,0,0,0,0
0,0,0,0,0,0,0,0,0,0,0,0,0,0,0,0,0,0,0,0,0,0,0,0,0,0,0,0,0,0,0,0,0,0,0,0,0,0,0,0,0,0,0,0,0,0,0,0,0,0,0,0,0,0,0,0,0,0,0,0,0,0,0,0,0,0,0,0,0,0,0,0,0,0,0,0,0,0,0,0,0,0,0,0,0,0,0,0,0,0,0,0,0,0,0,0,0,0,0,0
0,0,0,0,0,0,0,0,0,0,0,0,0,0,0,232,0,0,0,0,0,0,0,0,0,0,0,0,0,0,0,1,0,16,0,0,0,0,0,0,0,0,0,0,0,0,0,0,0,0,0,0,0,0,0,0,0,0,0,0,0,0,0,0,0,0,0,0,0,0,0,0,0,0,0,0,0,0,0,0,0,0,0,1,0,0,0,0,0,0,0,0,0,0,0,0,0,0,0,0
36,197,0,1,0,0,0,204,197,125,0,0,37,0,0,0,0,125,197,0,0,36,197,149,189,151,30,0,23,0,0,0,0,0,152,0,125,0,0,197,156,168,0,0,114,0,0,217,0,74,0,215,16,36,17,0,128,0,2,200,190,0,1,175,115,0,178,0,152,0,140,0,172,149,197,0,0,0,38,0,0,0,0,0,175,0,167,197,0,34,25,0,0,113,0,33,0,0,148,0
0,0,77,0,6286,6300,3732,0,0,0,0,4896,0,405,6362,2780,0,0,0,848,6439,0,0,0,0,0,0,0,0,123,0,2764,3508,2727,0,6013,0,5908,6244,0,0,0,5596,102,0,6439,6012,0,80,0,2569,0,0,0,0,6430,0,6441,0,0,0,6313,0,0,0,193,0,6376,0,2583,0,6430,0,0,0,1,6108,0,0,4026,4293,5981,2974,2727,0,6304,0,0,126,0,0,5052,6430,0,5062,0,100,90,0,646
0,0,0,0,0,0,0,0,0,0,0,0,0,0,0,328,0,0,0,0,0,0,0,0,0,0,0,0,0,0,0,297,0,308,0,0,0,0,0,0,0,0,0,0,0,0,0,0,0,0,210,0,0,0,0,0,0,0,0,0,0,0,0,0,0,0,0,0,0,215,0,0,0,0,0,0,0,0,0,0,0,0,0,291,0,0,0,0,0,0,0,0,0,0,0,0,0,0,0,0
0,0,0,0,0,0,0,0,0,0,0,0,0,0,0,0,0,0,0,0,0,0,0,0,0,0,0,0,0,0,0,0,0,0,0,0,0,0,0,0,0,0,0,0,0,0,0,0,0,0,0,0,0,0,0,0,0,0,0,0,0,0,0,0,0,0,0,0,0,0,0,0,0,0,0,0,0,0,0,0,0,0,0,0,0,0,0,0,0,0,0,0,0,0,0,0,0,0,0,0
513,271,178,690,27,25,94,152,246,439,709,72,490,0,14,0,690,431,243,144,0,521,250,409,319,360,555,583,567,0,674,0,91,0,449,32,454,39,37,239,398,366,65,0,477,0,32,0,176,410,0,0,620,534,637,0,423,0,674,165,272,18,690,392,445,163,333,14,433,0,466,0,366,319,271,615,34,718,507,87,83,48,116,0,333,21,366,246,168,527,578,72,0,454,72,604,0,0,437,147
0,0,0,0,0,0,0,0,0,0,0,0,0,0,0,0,0,0,0,0,0,0,0,0,0,0,0,0,0,0,0,0,0,0,0,0,0,0,0,0,0,0,0,0,0,0,0,0,0,0,0,0,0,0,0,0,0,0,0,0,0,0,0,0,0,0,0,0,0,0,0,0,0,0,0,0,0,0,0,0,0,0,0,0,0,0,0,0,0,0,0,0,0,0,0,0,0,0,0,0
0,0,0,0,0,0,0,0,0,0,0,0,0,0,0,0,0,0,0,0,0,0,0,0,0,0,0,0,0,0,0,0,0,0,0,0,0,0,0,0,0,0,0,0,0,0,0,0,0,0,0,0,0,0,0,0,0,0,0,0,0,0,0,0,0,0,0,0,0,0,0,0,0,0,0,0,0,0,0,0,0,0,0,0,0,0,0,0,0,0,0,0,0,0,0,0,0,0,0,0
0,0,0,0,0,0,0,0,0,0,0,0,0,0,0,677,0,0,0,0,0,0,0,0,0,0,0,0,0,0,0,677,0,677,0,0,0,0,0,0,0,0,0,0,0,0,0,0,0,0,675,0,0,0,0,0,0,0,0,0,0,0,0,0,0,0,0,0,0,677,0,0,0,0,0,0,0,0,0,0,0,0,0,677,0,0,0,0,0,0,0,0,0,0,0,0,0,0,0,0
429,0,697,587,813,824,753,0,0,2,604,768,358,154,857,244,588,2,0,717,27,431,0,0,0,0,494,554,543,1258,581,242,763,230,0,808,0,804,804,0,0,0,789,369,37,27,813,0,696,233,270,0,564,431,562,78,2,27,580,0,0,820,587,0,29,707,0,855,0,271,0,194,0,0,0,646,806,623,429,763,763,799,745,231,0,820,0,0,700,523,543,768,117,53,774,392,367,162,0,707
0,0,0,0,0,0,0,0,0,0,0,0,0,0,0,0,0,0,0,0,0,0,0,0,0,0,0,0,0,0,0,0,0,0,0,0,0,0,0,0,0,0,0,0,0,0,0,0,0,0,0,0,0,0,0,0,0,0,0,0,0,0,0,0,0,0,0,0,0,0,0,0,0,0,0,0,0,0,0,0,0,0,0,0,0,0,0,0,0,0,0,0,0,0,0,0,0,0,0,0
0,0,0,0,0,0,0,0,0,0,0,0,0,0,0,0,0,0,0,0,0,0,0,0,0,0,0,0,0,0,0,0,0,0,0,0,0,0,0,0,0,0,0,0,0,0,0,0,0,0,0,0,0,0,0,0,0,0,0,0,0,0,0,0,0,0,0,0,0,0,0,0,0,0,0,0,0,0,0,0,0,0,0,0,0,0,0,0,0,0,0,0,0,0,0,0,0,0,0,0
5,10,0,0,0,0,0,22,12,6,0,0,5,0,0,0,0,6,12,0,0,4,12,6,10,10,0,0,0,6062,0,0,0,0,1,0,4,0,0,12,6,6,0,1316,0,0,0,71,0,6,0,38,0,1,0,0,6,0,0,19,13,0,0,6,5,0,10,0,5,0,1,0,6,10,10,0,0,0,6,0,0,0,0,0,10,0,6,12,0,5,0,0,0,4,0,0,492,0,5,0
0,0,0,0,0,0,0,0,0,0,0,0,0,0,0,3141,0,0,0,0,0,0,0,0,0,0,0,0,0,0,0,1225,0,2167,0,0,0,0,0,0,0,0,0,0,0,0,0,0,0,0,212,0,0,0,0,0,0,0,0,0,0,0,0,0,0,0,0,0,0,212,0,0,0,0,0,0,0,0,0,0,0,0,0,1113,0,0,0,0,0,0,0,0,0,0,0,0,0,0,0,0
0,0,0,0,0,0,0,0,0,0,0,0,0,0,0,931,0,0,0,0,0,0,0,0,0,0,0,0,0,0,0,849,0,900,0,0,0,0,0,0,0,0,0,0,0,0,0,0,0,0,730,0,0,0,0,0,0,0,0,0,0,0,0,0,0,0,0,0,0,737,0,0,0,0,0,0,0,0,0,0,0,0,0,849,0,0,0,0,0,0,0,0,0,0,0,0,0,0,0,0
11,0,5957,44,13236,13219,10720,0,0,0,98,11929,3,602,13133,0,98,0,0,7543,12009,11,0,0,0,0,16,84,18,0,77,0,10220,0,0,12496,0,12421,13255,0,0,0,12245,0,0,12072,12454,0,6009,0,0,0,20,11,20,12233,0,12127,40,0,0,13244,44,0,0,6485,0,13152,0,0,0,12535,0,0,0,2631,12735,114,11,11118,11379,12532,9721,0,0,13234,0,0,6179,15,18,12113,12356,0,12095,5,0,0,0,7430
0,0,709,0,709,709,709,0,0,0,96,709,0,0,709,0,96,0,0,709,633,0,0,0,0,0,0,82,0,0,64,0,709,0,0,709,0,709,709,0,0,0,709,0,0,633,709,0,709,0,0,0,0,0,0,701,0,609,0,0,0,709,0,0,0,709,0,709,0,0,0,709,0,0,0,709,709,108,0,709,709,709,709,0,0,709,0,0,709,0,0,709,704,0,709,0,0,0,0,709
0,0,0,0,797,773,87,0,0,0,0,565,0,0,693,0,0,0,0,0,435,0,0,0,0,0,0,0,0,0,0,0,37,0,0,760,0,740,824,0,0,0,736,0,0,445,746,0,0,0,0,0,0,0,0,471,0,456,0,0,0,786,0,0,0,0,0,693,0,0,0,529,0,0,0,0,803,0,0,144,241,781,41,0,0,786,0,0,0,0,0,596,491,0,593,0,0,0,0,0
0,0,0,0,0,0,0,0,0,0,0,0,0,9652,0,3490,0,0,0,0,498,0,0,0,0,0,0,0,0,3153,0,3404,0,3457,0,0,0,0,0,0,0,0,0,7831,0,497,0,0,0,0,3100,0,0,0,0,288,0,508,0,0,0,0,0,0,0,0,0,0,0,3100,0,201,0,0,0,0,0,0,0,0,0,0,0,3388,0,0,0,0,0,0,0,0,263,0,0,0,8252,9703,0,0
0,0,0,0,0,0,0,0,0,0,0,0,0,1089,0,0,0,0,0,0,45,0,0,0,0,0,0,0,0,1447,0,0,0,0,0,0,0,0,0,0,0,0,0,1629,0,45,0,0,0,0,0,0,0,0,0,6,0,50,0,0,0,0,0,0,0,0,0,0,0,0,0,0,0,0,0,0,0,0,0,0,0,0,0,0,0,0,0,0,0,0,0,0,2,0,0,0,1600,1297,0,0
0,0,0,0,0,0,0,0,0,0,0,0,0,0,0,0,0,0,0,0,0,0,0,0,0,0,0,0,0,0,0,0,0,0,0,0,0,0,0,0,0,0,0,0,0,0,0,0,0,0,0,0,0,0,0,0,0,0,0,0,0,0,0,0,0,0,0,0,0,0,0,0,0,0,0,0,0,0,0,0,0,0,0,0,0,0,0,0,0,0,0,0,0,0,0,0,0,0,0,0
0,0,0,0,0,0,0,0,0,0,0,0,0,0,0,0,0,0,0,0,0,0,0,0,0,0,0,0,0,0,0,0,0,0,0,0,0,0,0,0,0,0,0,0,0,0,0,0,0,0,0,0,0,0,0,0,0,0,0,0,0,0,0,0,0,0,0,0,0,0,0,0,0,0,0,0,0,0,0,0,0,0,0,0,0,0,0,0,0,0,0,0,0,0,0,0,0,0,0,0
0,0,0,0,0,0,0,0,0,0,0,0,0,839,0,3413,0,0,0,0,464,0,0,0,0,0,0,0,0,568,0,3269,0,3331,0,0,0,0,0,0,0,0,0,455,0,461,0,0,0,0,2957,0,0,0,0,345,0,461,0,0,0,0,0,0,0,0,0,0,0,2957,0,250,0,0,0,0,0,0,0,0,0,0,0,3255,0,0,0,0,0,0,0,0,313,0,0,0,514,902,0,0
328,0,1092,384,1625,1623,1429,0,0,96,490,1499,313,611,1601,0,490,119,0,1187,1321,328,0,48,0,76,328,479,337,11,462,0,1405,0,26,1610,76,1588,1626,0,37,0,1550,348,175,1321,1610,0,1097,291,0,0,340,328,338,1400,100,1303,373,0,0,1601,386,0,166,1107,0,1613,28,0,50,1416,0,76,0,851,1620,505,328,1452,1466,1610,1366,0,0,1618,5,0,1104,331,336,1506,1409,187,1506,320,485,542,37,1165
0,0,2565,0,2624,2624,2600,0,0,0,0,2607,0,170,2624,5650,0,0,0,2575,2645,0,0,0,0,0,0,0,0,366,0,5880,2599,5930,0,2622,0,2621,2624,0,0,0,2610,358,0,2645,2622,0,2566,0,5511,0,0,0,0,2640,0,2645,0,0,0,2624,0,0,0,2566,0,2624,0,5501,0,2638,0,0,0,1801,2622,0,0,2600,2602,2622,2585,5874,0,2624,0,0,2566,0,0,2607,2640,0,2607,0,351,213,0,2574
2262,2161,199,2284,176,174,182,2100,2155,2236,2297,186,2254,276,169,0,2297,2236,2161,167,147,2262,2161,2227,2194,2229,2262,2295,2262,185,2295,0,188,0,2218,179,2229,180,178,2155,2223,2209,178,260,2237,147,177,988,198,2246,0,780,2262,2262,2262,141,2236,145,2283,2104,2203,169,2284,2194,2237,179,2203,163,2219,0,2229,136,2203,2229,2161,924,178,2298,2262,182,182,179,190,0,2206,171,2212,2161,193,2262,2262,181,137,2239,181,2255,275,299,2223,168
1115,1027,78,1143,0,0,0,562,1010,1111,1149,0,1115,0,0,0,1143,1102,1006,54,0,1116,1010,1084,1035,1048,1118,1116,1116,0,1140,0,0,0,1116,0,1116,0,0,1006,1076,1057,0,0,1121,0,0,0,62,1084,0,0,1128,1119,1135,0,1095,0,1140,601,1004,0,1143,1076,1115,51,1044,0,1115,0,1119,0,1057,1027,1027,1146,0,1156,1111,0,0,0,13,0,1044,0,1057,1006,52,1095,1121,0,0,1116,0,1135,0,0,1115,51
86,171,141,115,226,229,193,149,168,108,110,192,85,612,233,6549,110,109,167,166,625,86,168,128,176,109,87,110,92,1253,110,6387,193,6528,193,211,123,202,224,167,147,171,196,1120,101,625,209,123,147,80,6084,126,94,86,94,594,105,627,114,153,174,233,116,185,96,152,184,250,180,6084,172,570,189,97,171,113,211,106,86,193,193,211,185,6360,183,229,153,167,152,88,92,192,587,100,192,85,1114,581,167,166
0,0,0,0,0,0,0,0,0,0,0,0,0,0,0,1019,0,0,0,0,0,0,0,0,0,0,0,0,0,1943,0,1015,0,1008,0,0,0,0,0,0,0,0,0,919,0,0,0,0,0,0,959,0,0,0,0,0,0,0,0,0,0,0,0,0,0,0,0,0,0,969,0,0,0,0,0,0,0,0,0,0,0,0,0,1009,0,0,0,0,0,0,0,0,0,0,0,0,479,0,0,0
900,1171,2974,687,9344,9464,6650,1318,1179,966,564,7406,915,1779,9871,0,570,968,1207,4465,10892,890,1186,1012,1160,1151,811,620,807,0,612,0,6589,0,958,8638,965,8432,9167,1188,1034,1106,7997,0,865,10877,8633,1989,3042,979,0,1906,719,828,716,10852,977,10859,694,1282,1214,9599,687,1013,959,3723,1155,10150,982,0,902,10746,1096,1183,1165,334,8859,535,903,6895,7008,8550,6177,0,1166,9444,1108,1207,3443,854,739,7484,10805,950,7541,789,0,242,977,4301
0,0,231,0,1355,1355,1056,0,0,0,0,1208,0,23,1355,0,0,0,0,546,1355,0,0,0,0,0,0,0,0,0,0,0,1052,0,0,1352,0,1317,1355,0,0,0,1283,0,0,1355,1347,0,232,0,0,0,0,0,0,1355,0,1355,0,0,0,1355,0,0,0,296,0,1355,0,0,0,1355,0,0,0,0,1355,0,0,1064,1080,1352,991,0,0,1355,0,0,250,0,0,1244,1355,0,1244,0,0,0,0,546
0,0,0,0,0,0,0,0,0,0,0,0,0,0,0,0,0,0,0,0,0,0,0,0,0,0,0,0,0,516,0,0,0,0,0,0,0,0,0,0,0,0,0,497,0,0,0,0,0,0,0,0,0,0,0,0,0,0,0,0,0,0,0,0,0,0,0,0,0,0,0,0,0,0,0,0,0,0,0,0,0,0,0,0,0,0,0,0,0,0,0,0,0,0,0,0,419,0,0,0
0,0,0,0,0,0,0,0,0,0,0,0,0,0,0,0,0,0,0,0,0,0,0,0,0,0,0,0,0,0,0,0,0,0,0,0,0,0,0,0,0,0,0,0,0,0,0,0,0,0,0,0,0,0,0,0,0,0,0,0,0,0,0,0,0,0,0,0,0,0,0,0,0,0,0,0,0,0,0,0,0,0,0,0,0,0,0,0,0,0,0,0,0,0,0,0,0,0,0,0
0,0,0,0,0,0,0,0,0,0,0,0,0,0,0,0,0,0,0,0,0,0,0,0,0,0,0,0,0,0,0,0,0,0,0,0,0,0,0,0,0,0,0,0,0,0,0,0,0,0,0,0,0,0,0,0,0,0,0,0,0,0,0,0,0,0,0,0,0,0,0,0,0,0,0,0,0,0,0,0,0,0,0,0,0,0,0,0,0,0,0,0,0,0,0,0,0,0,0,0
0,0,0,0,0,0,0,0,0,0,0,0,0,0,0,0,0,0,0,0,0,0,0,0,0,0,0,0,0,399,0,0,0,0,0,0,0,0,0,0,0,0,0,0,0,0,0,0,0,0,64,0,0,0,0,0,0,0,0,0,0,0,0,0,0,0,0,0,0,65,0,0,0,0,0,0,0,0,0,0,0,0,0,0,0,0,0,0,0,0,0,0,0,0,0,0,0,0,0,0
0,0,0,0,57,58,0,0,0,0,0,0,0,2506,85,13082,0,0,0,0,813,0,0,0,0,0,0,0,0,2962,0,12911,0,13068,0,0,0,0,52,0,0,0,0,2927,0,813,0,0,0,0,10497,0,0,0,0,768,0,822,0,0,0,85,0,0,0,0,0,131,0,10472,0,726,0,0,0,0,12,0,0,0,0,0,0,12905,0,65,0,0,0,0,0,0,761,0,0,0,2928,2654,0,0
0,0,0,0,0,0,0,0,0,0,0,0,0,0,0,636,0,0,0,0,0,0,0,0,0,0,0,0,0,0,0,1062,0,970,0,0,0,0,0,0,0,0,0,0,0,0,0,0,0,0,1184,0,0,0,0,0,0,0,0,0,0,0,0,0,0,0,0,0,0,1163,0,0,0,0,0,0,0,0,0,0,0,0,0,1076,0,0,0,0,0,0,0,0,0,0,0,0,0,0,0,0
0,0,162,0,467,471,309,0,0,0,0,346,0,2106,551,2265,0,0,0,210,1588,0,0,0,0,0,0,0,0,410,0,2266,303,2271,0,393,0,381,458,0,0,0,369,528,0,1590,390,0,173,0,2142,0,0,0,0,1449,0,1598,0,0,0,554,0,0,0,192,0,668,0,2142,0,1369,0,0,0,0,401,0,0,316,322,393,273,2278,0,490,0,0,179,0,0,348,1419,0,348,0,600,1931,0,205
0,0,0,0,0,0,0,0,0,0,0,0,0,0,0,0,0,0,0,0,0,0,0,0,0,0,0,0,0,0,0,0,0,0,0,0,0,0,0,0,0,0,0,0,0,0,0,0,0,0,0,0,0,0,0,0,0,0,0,0,0,0,0,0,0,0,0,0,0,0,0,0,0,0,0,0,0,0,0,0,0,0,0,0,0,0,0,0,0,0,0,0,0,0,0,0,0,0,0,0
0,0,26,0,135,134,75,0,0,0,0,108,0,2395,142,0,0,0,0,30,236,0,0,0,0,0,0,0,0,3372,0,0,75,0,0,117,0,115,135,0,0,0,113,3614,0,236,117,0,26,0,277,0,0,0,0,223,0,245,0,0,0,143,0,0,0,27,0,152,0,277,0,210,0,0,0,1,131,0,0,81,82,117,71,0,0,136,0,0,27,0,0,108,223,0,108,0,3716,2752,0,30
1388,3328,0,1253,0,0,0,4391,3870,1482,1129,0,1417,538,0,0,1129,1477,3012,0,0,1388,3406,1536,1735,1501,1356,1143,1341,8,1169,0,0,0,1560,0,1495,0,0,3877,1544,1606,0,618,1453,0,0,4252,0,1439,0,4185,1323,1388,1330,0,1479,0,1260,4391,1670,0,1250,1744,1460,0,1659,0,1559,0,1525,0,1662,1495,3406,56,0,1075,1388,0,0,0,0,0,1643,0,1572,2651,0,1348,1341,0,0,1451,0,1396,618,573,1544,0
2574,2904,1124,2727,20,19,341,2780,2883,2764,2484,194,2606,0,0,0,2397,2737,2888,848,0,2636,2892,2753,2857,2592,2656,2117,2601,0,2409,0,383,0,3058,99,2897,115,25,2877,2791,2829,130,0,2898,0,106,2470,1077,2538,0,2345,2748,2708,2801,0,2715,0,2720,2792,2776,0,2723,2977,2742,1028,2812,0,2975,0,3001,0,2879,2559,2903,1360,75,2493,2544,310,263,91,517,0,2794,9,2801,2900,1061,2454,2679,183,0,2799,184,2886,0,0,2915,830
2723,2736,0,2691,0,0,0,2707,2737,2728,2689,0,2723,0,0,0,2691,2730,2738,0,0,2715,2737,2730,2736,2736,2712,2713,2713,0,2692,0,0,0,2713,0,2715,0,0,2738,2732,2734,0,0,2709,0,0,1480,0,2730,50,1297,2695,2711,2692,0,2730,0,2692,2719,2738,0,2691,2732,2723,0,2736,0,2723,50,2711,0,2734,2736,2736,854,0,2681,2728,0,0,0,0,0,2736,0,2734,2738,0,2730,2709,0,0,2715,0,2692,0,0,2723,0
0,0,0,0,0,0,0,0,0,0,0,0,0,0,0,0,0,0,0,0,0,0,0,0,0,0,0,0,0,0,0,0,0,0,0,0,0,0,0,0,0,0,0,0,0,0,0,0,0,0,0,0,0,0,0,0,0,0,0,0,0,0,0,0,0,0,0,0,0,0,0,0,0,0,0,0,0,0,0,0,0,0,0,0,0,0,0,0,0,0,0,0,0,0,0,0,0,0,0,0
0,0,0,0,0,0,0,0,0,0,0,0,0,0,0,0,0,0,0,0,0,0,0,0,0,0,0,0,0,80,0,0,0,0,0,0,0,0,0,0,0,0,0,60,0,0,0,0,0,0,0,0,0,0,0,0,0,0,0,0,0,0,0,0,0,0,0,0,0,0,0,0,0,0,0,0,0,0,0,0,0,0,0,0,0,0,0,0,0,0,0,0,0,0,0,0,40,0,0,0
0,0,0,0,0,0,0,0,0,0,0,0,0,0,0,0,0,0,0,0,0,0,0,0,0,0,0,0,0,0,0,0,0,0,0,0,0,0,0,0,0,0,0,0,0,0,0,0,0,0,0,0,0,0,0,0,0,0,0,0,0,0,0,0,0,0,0,0,0,0,0,0,0,0,0,0,0,0,0,0,0,0,0,0,0,0,0,0,0,0,0,0,0,0,0,0,0,0,0,0
0,0,0,0,0,0,0,0,0,0,0,0,0,0,0,3944,0,0,0,0,0,0,0,0,0,0,0,0,0,0,0,5959,0,5222,0,0,0,0,0,0,0,0,0,0,0,0,0,0,0,0,6446,0,0,0,0,0,0,0,0,0,0,0,0,0,0,0,0,0,0,6446,0,0,0,0,0,0,0,0,0,0,0,0,0,6122,0,0,0,0,0,0,0,0,0,0,0,0,0,0,0,0
0,0,0,0,0,0,0,0,0,0,0,0,0,0,0,0,0,0,0,0,0,0,0,0,0,0,0,0,0,0,0,0,0,0,0,0,0,0,0,0,0,0,0,0,0,0,0,0,0,0,0,0,0,0,0,0,0,0,0,0,0,0,0,0,0,0,0,0,0,0,0,0,0,0,0,0,0,0,0,0,0,0,0,0,0,0,0,0,0,0,0,0,0,0,0,0,0,0,0,0
2203,2203,0,1685,5,5,31,2203,2203,2203,310,17,2203,0,5,0,310,2203,2203,18,0,2203,2203,2203,2203,2203,2201,363,2194,0,481,0,19,0,2203,5,2203,5,5,2203,2203,2203,8,0,2203,0,5,2203,0,2203,0,2203,2192,2203,2192,0,2203,0,1789,2203,2203,5,1672,2203,2203,0,2203,5,2203,0,2203,0,2203,2203,2203,0,5,119,2203,19,19,6,36,0,2203,5,2203,2203,0,2195,2194,17,0,2203,15,2203,0,0,2203,0
0,0,0,0,0,0,0,0,0,0,0,0,0,0,0,2061,0,0,0,0,0,0,0,0,0,0,0,0,0,1508,0,2024,0,1989,0,0,0,0,0,0,0,0,0,1508,0,0,0,0,0,0,533,0,0,0,0,0,0,0,0,0,0,0,0,0,0,0,0,0,0,551,0,0,0,0,0,0,0,0,0,0,0,0,0,1989,0,0,0,0,0,0,0,0,0,0,0,0,1508,0,0,0
1954,2300,0,1598,0,0,0,2371,2352,1983,1350,0,1954,0,0,0,1383,2014,2369,0,0,1914,2352,2090,2277,2234,1872,1562,1895,0,1432,0,0,0,1897,0,1917,0,0,2369,2120,2189,0,0,1823,0,0,2255,0,2090,0,2123,1705,1847,1666,0,2045,0,1629,2369,2384,0,1598,2120,1957,0,2259,0,1957,0,1847,0,2189,2300,2300,26,0,1282,1979,0,0,0,0,0,2259,0,2189,2369,0,2031,1823,0,0,1917,0,1671,0,0,1957,0
3372,3217,2,3180,0,0,0,3173,3205,3358,2218,0,3372,0,0,0,2206,3349,3202,0,0,3396,3205,3317,3223,3242,3412,2249,3403,1566,2447,0,0,0,3405,0,3396,0,0,3202,3309,3268,0,1566,3417,0,0,2961,2,3317,0,2898,3418,3417,3419,0,3336,0,3276,3180,3200,0,3162,3309,3372,0,3232,0,3372,0,3417,0,3268,3217,3217,466,0,2103,3358,0,0,0,0,0,3232,0,3268,3202,0,3334,3415,0,0,3396,0,3422,1566,0,3372,0
0,0,0,0,0,0,0,0,0,0,0,0,0,0,0,134,0,0,0,0,0,0,0,0,0,0,0,0,0,0,0,0,0,0,0,0,0,0,0,0,0,0,0,0,0,0,0,0,0,0,0,0,0,0,0,0,0,0,0,0,0,0,0,0,0,0,0,0,0,0,0,0,0,0,0,0,0,0,0,0,0,0,0,0,0,0,0,0,0,0,0,0,0,0,0,0,0,0,0,0
0,0,0,0,0,0,0,0,0,0,0,0,0,0,0,0,0,0,0,0,0,0,0,0,0,0,0,0,0,0,0,0,0,0,0,0,0,0,0,0,0,0,0,0,0,0,0,0,0,0,0,0,0,0,0,0,0,0,0,0,0,0,0,0,0,0,0,0,0,0,0,0,0,0,0,0,0,0,0,0,0,0,0,0,0,0,0,0,0,0,0,0,0,0,0,0,0,0,0,0
503,503,0,501,0,0,0,503,503,503,34,0,503,0,0,0,34,503,503,0,0,503,503,503,503,503,503,34,503,0,38,0,0,0,503,0,503,0,0,503,503,503,0,0,503,0,0,503,0,503,0,503,503,503,503,0,503,0,502,503,503,0,501,503,503,0,503,0,503,0,503,0,503,503,503,0,0,26,503,0,0,0,0,0,503,0,503,503,0,503,503,0,0,503,0,503,0,0,503,0
0,0,1117,167,1166,1174,1144,0,0,0,774,1144,0,0,1178,0,767,0,0,1133,340,0,0,0,0,0,0,723,3,0,712,0,1144,0,0,1161,0,1150,1150,0,0,0,1144,0,0,340,1166,0,1115,0,0,0,8,0,6,763,0,302,117,0,0,1172,172,0,0,1119,0,1178,0,0,0,1003,0,0,0,1082,1154,832,0,1144,1144,1147,1144,0,0,1172,0,0,1118,0,2,1144,827,0,1144,0,0,0,0,1119
0,0,0,0,0,0,0,0,0,0,0,0,0,0,0,0,0,0,0,0,0,0,0,0,0,0,0,0,0,0,0,0,0,0,0,0,0,0,0,0,0,0,0,0,0,0,0,0,0,0,0,0,0,0,0,0,0,0,0,0,0,0,0,0,0,0,0,0,0,0,0,0,0,0,0,0,0,0,0,0,0,0,0,0,0,0,0,0,0,0,0,0,0,0,0,0,0,0,0,0
0,0,0,0,0,0,0,0,0,0,0,0,0,0,0,0,0,0,0,0,0,0,0,0,0,0,0,0,0,0,0,0,0,0,0,0,0,0,0,0,0,0,0,0,0,0,0,0,0,0,0,0,0,0,0,0,0,0,0,0,0,0,0,0,0,0,0,0,0,0,0,0,0,0,0,0,0,0,0,0,0,0,0,0,0,0,0,0,0,0,0,0,0,0,0,0,0,0,0,0
0,0,0,0,0,0,0,0,0,0,0,0,0,0,0,38,0,0,0,0,0,0,0,0,0,0,0,0,0,0,0,298,0,170,0,0,0,0,0,0,0,0,0,0,0,0,0,0,0,0,261,0,0,0,0,0,0,0,0,0,0,0,0,0,0,0,0,0,0,288,0,0,0,0,0,0,0,0,0,0,0,0,0,319,0,0,0,0,0,0,0,0,0,0,0,0,0,0,0,0
0,0,0,0,0,0,0,0,0,0,0,0,0,0,0,0,0,0,0,0,0,0,0,0,0,0,0,0,0,0,0,0,0,0,0,0,0,0,0,0,0,0,0,0,0,0,0,0,0,0,0,0,0,0,0,0,0,0,0,0,0,0,0,0,0,0,0,0,0,0,0,0,0,0,0,0,0,0,0,0,0,0,0,0,0,0,0,0,0,0,0,0,0,0,0,0,0,0,0,0
0,0,0,0,0,0,0,0,0,0,0,0,0,792,0,83,0,0,0,0,0,0,0,0,0,0,0,0,0,0,0,1,0,7,0,0,0,0,0,0,0,0,0,494,0,0,0,0,0,0,0,0,0,0,0,0,0,0,0,0,0,0,0,0,0,0,0,0,0,0,0,0,0,0,0,0,0,0,0,0,0,0,0,0,0,0,0,0,0,0,0,0,0,0,0,0,763,792,0,0
627,549,621,627,0,0,0,0,316,627,625,0,627,685,0,0,627,627,627,194,56,627,531,628,632,632,627,627,627,0,627,0,0,0,627,0,627,0,0,286,628,631,0,0,627,54,0,0,620,628,0,0,627,627,627,28,627,51,627,0,636,0,627,628,627,547,632,0,627,0,627,9,631,636,531,625,0,625,627,0,0,0,0,0,632,0,631,636,561,627,627,0,14,627,0,627,0,732,627,250
0,0,529,0,559,559,550,0,0,0,0,550,0,190,563,244,0,0,0,542,654,0,0,0,0,0,0,0,0,242,0,205,550,226,0,557,0,557,558,0,0,0,552,208,0,653,558,0,526,0,346,0,0,0,0,644,0,650,0,0,0,559,0,0,0,532,0,567,0,347,0,626,0,0,0,2,557,0,0,550,550,557,550,207,0,559,0,0,530,0,0,550,639,0,551,0,197,188,0,532
0,0,0,0,0,0,0,0,0,0,0,0,0,0,0,0,0,0,0,0,0,0,0,0,0,0,0,0,0,0,0,0,0,0,0,0,0,0,0,0,0,0,0,0,0,0,0,0,0,0,0,0,0,0,0,0,0,0,0,0,0,0,0,0,0,0,0,0,0,0,0,0,0,0,0,0,0,0,0,0,0,0,0,0,0,0,0,0,0,0,0,0,0,0,0,0,0,0,0,0
490,1415,0,47,0,0,0,1425,1415,1347,0,0,630,0,0,0,0,1339,1417,0,0,482,1415,1401,1412,1402,344,0,244,0,0,0,0,0,1371,0,1365,0,0,1417,1402,1404,0,0,1226,0,0,1440,0,839,0,1436,151,479,176,0,1352,0,67,1420,1419,0,40,1402,1279,0,1410,0,1391,0,1371,0,1404,1404,1415,0,0,0,490,0,0,0,0,0,1410,0,1404,1417,0,331,252,0,0,1200,0,569,0,0,1391,0
0,0,0,0,0,0,0,0,0,0,0,0,0,0,0,0,0,0,0,0,0,0,0,0,0,0,0,0,0,80,0,0,0,0,0,0,0,0,0,0,0,0,0,34,0,0,0,0,0,0,0,0,0,0,0,0,0,0,0,0,0,0,0,0,0,0,0,0,0,0,0,0,0,0,0,0,0,0,0,0,0,0,0,0,0,0,0,0,0,0,0,0,0,0,0,0,19,0,0,0
0,0,0,0,0,0,0,0,0,0,0,0,0,278,0,894,0,0,0,0,0,0,0,0,0,0,0,0,0,1980,0,554,0,593,0,0,0,0,0,0,0,0,0,689,0,0,0,0,0,0,554,0,0,0,0,0,0,0,0,0,0,0,0,0,0,0,0,0,0,554,0,0,0,0,0,0,0,0,0,0,0,0,0,554,0,0,0,0,0,0,0,0,0,0,0,0,619,856,0,0
0,0,0,0,0,0,0,0,0,0,0,0,0,737,0,1290,0,0,0,0,1,0,0,0,0,0,0,0,0,947,0,795,0,1068,0,0,0,0,0,0,0,0,0,1019,0,1,0,0,0,0,668,0,0,0,0,0,0,1,0,0,0,0,0,0,0,0,0,0,0,668,0,0,0,0,0,0,0,0,0,0,0,0,0,764,0,0,0,0,0,0,0,0,0,0,0,0,1025,1332,0,0
0,0,0,0,0,0,0,0,0,0,0,0,0,0,0,0,0,0,0,0,0,0,0,0,0,0,0,0,0,1670,0,0,0,0,0,0,0,0,0,0,0,0,0,769,0,0,0,0,0,0,0,0,0,0,0,0,0,0,0,0,0,0,0,0,0,0,0,0,0,0,0,0,0,0,0,0,0,0,0,0,0,0,0,0,0,0,0,0,0,0,0,0,0,0,0,0,554,0,0,0
0,9,0,0,0,0,0,6,8,0,0,0,0,0,0,0,0,0,8,0,0,0,8,0,9,0,0,0,0,0,0,0,0,0,0,0,0,0,0,8,0,0,0,0,0,0,0,2,0,0,0,5,0,0,0,0,0,0,0,7,1,0,0,9,0,0,1,0,0,0,0,0,1,0,10,0,0,0,0,0,0,0,0,0,1,0,0,8,0,0,0,0,0,0,0,0,0,0,0,0
0,0,0,0,0,0,0,0,0,0,0,0,0,0,0,0,0,0,0,0,0,0,0,0,0,0,0,0,0,0,0,0,0,0,0,0,0,0,0,0,0,0,0,0,0,0,0,0,0,0,0,0,0,0,0,0,0,0,0,0,0,0,0,0,0,0,0,0,0,0,0,0,0,0,0,0,0,0,0,0,0,0,0,0,0,0,0,0,0,0,0,0,0,0,0,0,0,0,0,0
0,0,0,0,0,0,0,0,0,0,0,0,0,0,0,0,0,0,0,0,0,0,0,0,0,0,0,0,0,0,0,0,0,0,0,0,0,0,0,0,0,0,0,0,0,0,0,0,0,0,0,0,0,0,0,0,0,0,0,0,0,0,0,0,0,0,0,0,0,0,0,0,0,0,0,0,0,0,0,0,0,0,0,0,0,0,0,0,0,0,0,0,0,0,0,0,0,0,0,0
0,0,0,0,0,0,0,0,0,0,0,0,0,0,0,345,0,0,0,0,0,0,0,0,0,0,0,0,0,11,0,342,0,339,0,0,0,0,0,0,0,0,0,19,0,0,0,0,0,0,382,0,0,0,0,0,0,0,0,0,0,0,0,0,0,0,0,0,0,382,0,0,0,0,0,0,0,0,0,0,0,0,0,339,0,0,0,0,0,0,0,0,0,0,0,0,17,0,0,0
0,0,0,0,0,0,0,0,0,0,0,0,0,0,0,0,0,0,0,0,0,0,0,0,0,0,0,0,0,0,0,0,0,0,0,0,0,0,0,0,0,0,0,0,0,0,0,0,0,0,0,0,0,0,0,0,0,0,0,0,0,0,0,0,0,0,0,0,0,0,0,0,0,0,0,0,0,0,0,0,0,0,0,0,0,0,0,0,0,0,0,0,0,0,0,0,0,0,0,0
0,0,0,0,0,0,0,0,0,0,0,0,0,0,0,0,0,0,0,0,0,0,0,0,0,0,0,0,0,0,0,0,0,0,0,0,0,0,0,0,0,0,0,0,0,0,0,0,0,0,0,0,0,0,0,0,0,0,0,0,0,0,0,0,0,0,0,0,0,0,0,0,0,0,0,0,0,0,0,0,0,0,0,0,0,0,0,0,0,0,0,0,0,0,0,0,0,0,0,0
10,0,0,10,0,0,0,0,0,10,0,0,10,0,0,0,0,7,0,0,11,10,0,1,0,0,10,0,8,0,0,0,0,0,10,0,10,0,0,0,1,0,0,0,12,10,0,0,0,1,0,0,16,11,16,8,4,9,10,0,0,0,10,1,10,0,0,0,10,0,11,6,0,0,0,0,0,0,10,0,0,0,0,0,0,0,0,0,0,4,11,0,7,10,0,26,0,0,10,0
0,0,1478,50,1634,1637,1546,0,0,0,451,1546,0,392,1667,0,460,0,0,1507,1359,0,0,0,0,0,0,446,0,59,329,0,1546,0,0,1558,0,1546,1627,0,0,0,1546,164,0,1359,1556,0,1481,0,0,0,1,0,1,1596,0,1284,42,0,0,1667,51,0,0,1481,0,1671,0,0,0,1626,0,0,0,1160,1567,573,0,1546,1546,1558,1546,0,0,1642,0,0,1481,0,0,1546,1604,0,1546,0,164,276,0,1495
0,0,0,0,0,0,0,0,0,0,0,0,0,0,0,3660,0,0,0,0,0,0,0,0,0,0,0,0,0,0,0,3660,0,3660,0,0,0,0,0,0,0,0,0,0,0,0,0,0,0,0,3663,0,0,0,0,0,0,0,0,0,0,0,0,0,0,0,0,0,0,3662,0,0,0,0,0,0,0,0,0,0,0,0,0,3660,0,0,0,0,0,0,0,0,0,0,0,0,0,0,0,0
9,410,0,0,0,0,0,424,410,236,0,0,35,0,0,0,0,217,410,0,0,9,410,321,410,298,3,0,2,0,0,0,0,0,387,0,279,0,0,410,357,409,0,0,180,0,0,425,0,80,0,425,3,9,4,0,229,0,0,415,410,0,0,408,194,0,410,0,384,0,308,0,409,287,410,0,0,0,9,0,0,0,0,0,410,0,394,410,0,3,3,0,0,172,0,26,0,0,352,0
0,0,0,0,0,0,0,0,0,0,0,0,0,0,0,0,0,0,0,0,0,0,0,0,0,0,0,0,0,0,0,0,0,0,0,0,0,0,0,0,0,0,0,0,0,0,0,0,0,0,116,0,0,0,0,0,0,0,0,0,0,0,0,0,0,0,0,0,0,112,0,0,0,0,0,0,0,0,0,0,0,0,0,0,0,0,0,0,0,0,0,0,0,0,0,0,0,0,0,0
0,0,0,0,0,0,0,0,0,0,0,0,0,0,0,0,0,0,0,0,0,0,0,0,0,0,0,0,0,0,0,0,0,0,0,0,0,0,0,0,0,0,0,0,0,0,0,0,0,0,0,0,0,0,0,0,0,0,0,0,0,0,0,0,0,0,0,0,0,0,0,0,0,0,0,0,0,0,0,0,0,0,0,0,0,0,0,0,0,0,0,0,0,0,0,0,0,0,0,0
0,0,0,0,0,0,0,0,0,0,0,0,0,0,0,0,0,0,0,0,0,0,0,0,0,0,0,0,0,0,0,0,0,0,0,0,0,0,0,0,0,0,0,0,0,0,0,0,0,0,0,0,0,0,0,0,0,0,0,0,0,0,0,0,0,0,0,0,0,0,0,0,0,0,0,0,0,0,0,0,0,0,0,0,0,0,0,0,0,0,0,0,0,0,0,0,0,0,0,0
0,0,0,0,0,0,0,0,0,0,0,0,0,0,0,0,0,0,0,0,0,0,0,0,0,0,0,0,0,0,0,0,0,0,0,0,0,0,0,0,0,0,0,0,0,0,0,0,0,0,0,0,0,0,0,0,0,0,0,0,0,0,0,0,0,0,0,0,0,0,0,0,0,0,0,0,0,0,0,0,0,0,0,0,0,0,0,0,0,0,0,0,0,0,0,0,0,0,0,0
0,0,0,0,0,0,0,0,0,0,0,0,0,579,0,0,0,0,0,0,94,0,0,0,0,0,0,0,0,0,0,0,0,0,0,0,0,0,0,0,0,0,0,0,0,94,0,0,0,0,0,0,0,0,0,0,0,152,0,0,0,0,0,0,0,0,0,0,0,0,0,0,0,0,0,0,0,0,0,0,0,0,0,0,0,0,0,0,0,0,0,0,0,0,0,0,0,576,0,0
0,0,0,0,0,0,0,0,0,0,0,0,0,0,0,0,0,0,0,0,0,0,0,0,0,0,0,0,0,96,0,3,0,0,0,0,0,0,0,0,0,0,0,5,0,0,0,0,0,0,1790,0,0,0,0,0,0,0,0,0,0,0,0,0,0,0,0,0,0,1790,0,0,0,0,0,0,0,0,0,0,0,0,0,6,0,0,0,0,0,0,0,0,0,0,0,0,0,0,0,0
623,53,632,632,2,2,389,0,11,623,633,192,623,0,1,0,632,623,81,603,0,626,50,623,424,622,630,626,626,3,632,0,441,0,626,19,626,33,2,9,624,622,87,1,633,0,23,0,632,623,0,0,632,632,632,0,623,0,632,0,508,1,632,415,623,634,569,0,623,0,632,0,561,623,50,631,6,632,623,352,307,19,500,0,596,2,623,129,633,623,633,169,0,626,170,632,0,0,623,607
0,0,0,0,0,0,0,0,0,0,0,0,0,0,0,0,0,0,0,0,0,0,0,0,0,0,0,0,0,0,0,0,0,0,0,0,0,0,0,0,0,0,0,0,0,0,0,0,0,0,0,0,0,0,0,0,0,0,0,0,0,0,0,0,0,0,0,0,0,0,0,0,0,0,0,0,0,0,0,0,0,0,0,0,0,0,0,0,0,0,0,0,0,0,0,0,0,0,0,0
0,0,0,0,0,0,0,0,0,0,0,0,0,0,0,0,0,0,0,0,0,0,0,0,0,0,0,0,0,0,0,0,0,0,0,0,0,0,0,0,0,0,0,0,0,0,0,0,0,0,0,0,0,0,0,0,0,0,0,0,0,0,0,0,0,0,0,0,0,0,0,0,0,0,0,0,0,0,0,0,0,0,0,0,0,0,0,0,0,0,0,0,0,0,0,0,0,0,0,0
0,0,0,0,0,0,0,0,0,0,0,0,0,0,0,0,0,0,0,0,0,0,0,0,0,0,0,0,0,0,0,0,0,0,0,0,0,0,0,0,0,0,0,0,0,0,0,0,0,0,0,0,0,0,0,0,0,0,0,0,0,0,0,0,0,0,0,0,0,0,0,0,0,0,0,0,0,0,0,0,0,0,0,0,0,0,0,0,0,0,0,0,0,0,0,0,0,0,0,0
0,0,0,0,0,0,0,0,0,0,0,0,0,0,0,2224,0,0,0,0,0,0,0,0,0,0,0,0,0,0,0,2242,0,2258,0,0,0,0,0,0,0,0,0,0,0,0,0,0,0,0,2399,0,0,0,0,0,0,0,0,0,0,0,0,0,0,0,0,0,0,2379,0,0,0,0,0,0,0,0,0,0,0,0,0,2258,0,0,0,0,0,0,0,0,0,0,0,0,0,0,0,0
0,0,0,0,0,0,0,0,0,0,0,0,0,0,0,0,0,0,0,0,0,0,0,0,0,0,0,0,0,0,0,0,0,0,0,0,0,0,0,0,0,0,0,0,0,0,0,0,0,0,0,0,0,0,0,0,0,0,0,0,0,0,0,0,0,0,0,0,0,0,0,0,0,0,0,0,0,0,0,0,0,0,0,0,0,0,0,0,0,0,0,0,0,0,0,0,0,0,0,0
0,0,0,0,0,0,0,0,0,0,0,0,0,0,0,0,0,0,0,0,0,0,0,0,0,0,0,0,0,0,0,0,0,0,0,0,0,0,0,0,0,0,0,0,0,0,0,0,0,0,0,0,0,0,0,0,0,0,0,0,0,0,0,0,0,0,0,0,0,0,0,0,0,0,0,0,0,0,0,0,0,0,0,0,0,0,0,0,0,0,0,0,0,0,0,0,0,0,0,0
1462,1462,0,1462,0,0,0,1462,1462,1462,1408,0,1462,0,0,0,1408,1462,1462,0,0,1462,1462,1462,1462,1462,1462,1420,1462,0,1434,0,0,0,1462,0,1462,0,0,1462,1462,1462,0,0,1462,0,0,1462,0,1462,0,1462,1462,1462,1462,0,1462,0,1462,1462,1462,0,1462,1462,1462,0,1462,0,1462,0,1462,0,1462,1462,1462,0,0,1384,1462,0,0,0,0,0,1462,0,1462,1462,0,1462,1462,0,0,1462,0,1462,0,0,1462,0
0,0,0,0,0,0,0,0,0,0,0,0,0,0,0,0,0,0,0,0,0,0,0,0,0,0,0,0,0,0,0,0,0,0,0,0,0,0,0,0,0,0,0,0,0,0,0,0,0,0,0,0,0,0,0,0,0,0,0,0,0,0,0,0,0,0,0,0,0,0,0,0,0,0,0,0,0,0,0,0,0,0,0,0,0,0,0,0,0,0,0,0,0,0,0,0,0,0,0,0
0,0,0,0,0,0,0,0,0,0,0,0,0,0,0,0,0,0,0,0,0,0,0,0,0,0,0,0,0,0,0,0,0,0,0,0,0,0,0,0,0,0,0,0,0,0,0,0,0,0,0,0,0,0,0,0,0,0,0,0,0,0,0,0,0,0,0,0,0,0,0,0,0,0,0,0,0,0,0,0,0,0,0,0,0,0,0,0,0,0,0,0,0,0,0,0,0,0,0,0
0,0,0,0,0,0,0,0,0,0,0,0,0,0,0,0,0,0,0,0,0,0,0,0,0,0,0,0,0,242,0,0,0,0,0,0,0,0,0,0,0,0,0,0,0,0,0,0,0,0,0,0,0,0,0,0,0,0,0,0,0,0,0,0,0,0,0,0,0,0,0,0,0,0,0,0,0,0,0,0,0,0,0,0,0,0,0,0,0,0,0,0,0,0,0,0,0,0,0,0
0,0,0,0,0,0,0,0,0,0,0,0,0,0,0,0,0,0,0,0,0,0,0,0,0,0,0,0,0,0,0,0,0,0,0,0,0,0,0,0,0,0,0,0,0,0,0,4,0,0,0,0,0,0,0,0,0,0,0,0,0,0,0,0,0,0,0,0,0,0,0,0,0,0,0,0,0,0,0,0,0,0,0,0,0,0,0,0,0,0,0,0,0,0,0,0,0,0,0,0
0,0,0,0,0,0,0,0,0,0,0,0,0,0,0,0,0,0,0,0,0,0,0,0,0,0,0,0,0,0,0,0,0,0,0,0,0,0,0,0,0,0,0,0,0,0,0,0,0,0,0,0,0,0,0,0,0,0,0,0,0,0,0,0,0,0,0,0,0,0,0,0,0,0,0,0,0,0,0,0,0,0,0,0,0,0,0,0,0,0,0,0,0,0,0,0,0,0,0,0
0,0,0,0,0,0,0,0,0,0,0,0,0,0,0,474,0,0,0,0,0,0,0,0,0,0,0,0,0,0,0,764,0,738,0,0,0,0,0,0,0,0,0,0,0,0,0,0,0,0,790,0,0,0,0,0,0,0,0,0,0,0,0,0,0,0,0,0,0,790,0,0,0,0,0,0,0,0,0,0,0,0,0,787,0,0,0,0,0,0,0,0,0,0,0,0,0,0,0,0
25,136,0,0,0,0,0,205,181,92,0,0,44,0,0,0,0,94,190,0,0,25,181,100,121,115,21,0,11,0,0,0,0,0,72,0,81,0,0,190,108,112,0,0,52,0,0,269,0,93,0,215,5,24,7,0,96,0,0,204,194,0,0,108,90,0,115,0,90,0,59,0,112,136,136,0,0,0,25,0,0,0,0,0,115,0,112,190,0,22,10,0,0,81,0,17,0,0,90,0
0,0,0,0,0,0,0,0,0,0,0,0,0,0,0,817,0,0,0,0,0,0,0,0,0,0,0,0,0,932,0,817,0,817,0,0,0,0,0,0,0,0,0,932,0,0,0,0,0,0,817,0,0,0,0,0,0,0,0,0,0,0,0,0,0,0,0,0,0,817,0,0,0,0,0,0,0,0,0,0,0,0,0,817,0,0,0,0,0,0,0,0,0,0,0,0,932,676,0,0
317,317,75,317,0,0,0,2,317,317,317,0,317,0,0,0,317,317,317,0,0,317,317,317,317,317,317,317,317,0,317,0,0,0,317,0,317,0,0,317,317,317,0,0,317,0,0,0,61,317,0,0,317,317,317,0,317,0,317,2,317,0,317,317,317,27,317,0,317,0,317,0,317,317,317,317,0,317,317,0,0,0,0,0,317,0,317,317,33,317,317,0,0,317,0,317,0,0,317,0
0,0,0,0,0,0,0,0,0,0,0,0,0,0,0,0,0,0,0,0,0,0,0,0,0,0,0,0,0,1683,0,0,0,0,0,0,0,0,0,0,0,0,0,1505,0,0,0,0,0,0,0,0,0,0,0,0,0,0,0,0,0,0,0,0,0,0,0,0,0,0,0,0,0,0,0,0,0,0,0,0,0,0,0,0,0,0,0,0,0,0,0,0,0,0,0,0,1270,0,0,0
0,0,0,0,0,0,0,0,0,0,0,0,0,0,0,0,0,0,0,0,0,0,0,0,0,0,0,0,0,0,0,0,0,0,0,0,0,0,0,0,0,0,0,0,0,0,0,0,0,0,0,0,0,0,0,0,0,0,0,0,0,0,0,0,0,0,0,0,0,0,0,0,0,0,0,0,0,0,0,0,0,0,0,0,0,0,0,0,0,0,0,0,0,0,0,0,0,0,0,0
0,0,0,0,0,0,0,0,0,0,0,0,0,15,0,0,0,0,0,0,0,0,0,0,0,0,0,0,0,1026,0,0,0,0,0,0,0,0,0,0,0,0,0,1026,0,0,0,0,0,0,0,0,0,0,0,0,0,0,0,0,0,0,0,0,0,0,0,0,0,0,0,0,0,0,0,0,0,0,0,0,0,0,0,0,0,0,0,0,0,0,0,0,0,0,0,0,1026,165,0,0
0,0,0,0,0,0,0,0,0,0,0,0,0,0,0,0,0,0,0,0,0,0,0,0,0,0,0,0,0,0,0,0,0,0,0,0,0,0,0,0,0,0,0,0,0,0,0,0,0,0,0,0,0,0,0,0,0,0,0,0,0,0,0,0,0,0,0,0,0,0,0,0,0,0,0,0,0,0,0,0,0,0,0,0,0,0,0,0,0,0,0,0,0,0,0,0,0,0,0,0
1010,1039,19,361,52,56,38,1013,1039,1045,126,41,1045,4,62,0,124,1045,1039,33,266,1012,1039,1044,1039,1039,969,138,900,0,151,0,39,0,1047,52,1047,49,49,1039,1043,1039,46,0,1047,233,52,942,19,1044,0,980,818,1012,851,187,1044,201,433,1030,1039,55,354,1043,1045,25,1039,62,1045,0,1047,141,1039,1039,1039,2,50,101,1010,39,39,48,38,0,1039,55,1039,1039,23,943,903,41,164,1047,43,1041,0,0,1045,25
364,0,1772,679,1386,1345,1615,0,0,153,1165,1587,319,0,1227,0,1165,157,0,1722,86,364,0,81,0,98,381,1134,430,0,1097,0,1595,0,12,1432,117,1474,1461,0,39,0,1532,0,189,104,1417,0,1779,263,0,0,460,364,452,311,154,108,646,0,0,1303,689,0,183,1755,0,1170,13,0,83,548,0,105,0,1869,1452,1252,364,1595,1595,1493,1654,0,0,1326,9,0,1766,395,424,1587,396,196,1571,333,0,0,42,1755
0,0,0,0,0,0,0,0,0,0,0,0,0,0,0,0,0,0,0,0,0,0,0,0,0,0,0,0,0,0,0,0,0,0,0,0,0,0,0,0,0,0,0,0,0,0,0,0,0,0,0,0,0,0,0,0,0,0,0,0,0,0,0,0,0,0,0,0,0,0,0,0,0,0,0,0,0,0,0,0,0,0,0,0,0,0,0,0,0,0,0,0,0,0,0,0,0,0,0,0
0,0,0,0,0,0,0,0,0,0,0,0,0,0,0,0,0,0,0,0,0,0,0,0,0,0,0,0,0,0,0,0,0,0,0,0,0,0,0,0,0,0,0,0,0,0,0,0,0,0,0,0,0,0,0,0,0,0,0,0,0,0,0,0,0,0,0,0,0,0,0,0,0,0,0,0,0,0,0,0,0,0,0,0,0,0,0,0,0,0,0,0,0,0,0,0,0,0,0,0
0,0,0,0,0,0,0,0,0,0,0,0,0,0,0,1756,0,0,0,0,0,0,0,0,0,0,0,0,0,0,0,1932,0,1883,0,0,0,0,0,0,0,0,0,0,0,0,0,0,0,0,1964,0,0,0,0,0,0,0,0,0,0,0,0,0,0,0,0,0,0,1964,0,0,0,0,0,0,0,0,0,0,0,0,0,1934,0,0,0,0,0,0,0,0,0,0,0,0,0,0,0,0
0,0,1800,0,1800,1800,1800,0,0,0,0,1800,0,0,1800,0,0,0,0,1800,1800,0,0,0,0,0,0,0,0,0,0,0,1800,0,0,1800,0,1800,1800,0,0,0,1800,0,0,1800,1800,0,1800,0,0,0,0,0,0,1800,0,1800,0,0,0,1800,0,0,0,1800,0,1800,0,0,0,1800,0,0,0,500,1800,0,0,1800,1800,1800,1800,0,0,1800,0,0,1800,0,0,1800,1800,0,1800,0,0,0,0,1800
0,0,0,0,0,0,0,0,0,0,0,0,0,0,0,0,0,0,0,0,0,0,0,0,0,0,0,0,0,797,0,0,0,0,0,0,0,0,0,0,0,0,0,8,0,0,0,0,0,0,0,0,0,0,0,0,0,0,0,0,0,0,0,0,0,0,0,0,0,0,0,0,0,0,0,0,0,0,0,0,0,0,0,0,0,0,0,0,0,0,0,0,0,0,0,0,0,0,0,0
1420,1118,778,1502,53,47,184,25,1099,1118,1489,132,1324,0,24,0,1502,1118,1118,204,0,1384,1118,1118,1118,1118,1399,1567,1424,0,1505,0,155,0,1118,57,1118,61,61,1078,1118,1118,68,0,1118,0,53,0,735,1204,0,0,1382,1351,1375,0,1118,0,1505,71,1118,50,1502,1118,1118,420,1118,24,1118,0,1118,0,1118,1118,1118,1446,59,1476,1440,155,155,64,203,0,1118,50,1118,1118,520,1531,1389,132,0,1121,104,1269,0,0,1118,205
0,0,919,0,931,931,931,0,0,0,0,931,0,0,931,0,0,0,0,931,931,0,0,0,0,0,0,0,0,0,0,0,931,0,0,931,0,931,931,0,0,0,931,0,0,931,931,0,920,0,0,0,0,0,0,931,0,931,0,0,0,931,0,0,0,931,0,931,0,0,0,931,0,0,0,128,931,0,0,931,931,931,931,0,0,931,0,0,931,0,0,931,931,0,931,0,0,0,0,931
0,0,0,0,0,0,0,0,0,0,0,0,0,0,0,0,0,0,0,0,0,0,0,0,0,0,0,0,0,0,0,0,0,0,0,0,0,0,0,0,0,0,0,0,0,0,0,0,0,0,0,0,0,0,0,0,0,0,0,0,0,0,0,0,0,0,0,0,0,0,0,0,0,0,0,0,0,0,0,0,0,0,0,0,0,0,0,0,0,0,0,0,0,0,0,0,0,0,0,0
0,0,0,0,0,0,0,0,0,0,0,0,0,411,0,0,0,0,0,0,0,0,0,0,0,0,0,0,0,108,0,0,0,0,0,0,0,0,0,0,0,0,0,417,0,0,0,0,0,0,0,0,0,0,0,0,0,0,0,0,0,0,0,0,0,0,0,0,0,0,0,0,0,0,0,0,0,0,0,0,0,0,0,0,0,0,0,0,0,0,0,0,0,0,0,0,417,411,0,0
0,147,0,0,0,0,0,133,146,109,0,0,0,0,0,0,0,93,142,0,0,0,146,176,148,118,0,0,0,0,0,0,0,0,271,0,193,0,0,142,183,161,0,0,128,0,0,120,0,17,0,126,0,0,0,0,103,0,0,134,138,0,0,183,80,0,151,0,225,0,278,0,161,112,147,0,0,0,0,0,0,0,0,0,151,0,161,142,0,0,0,0,0,83,0,0,0,0,219,0
0,0,0,0,0,0,0,0,0,0,0,0,0,0,0,0,0,0,0,0,0,0,0,0,0,0,0,0,0,0,0,0,0,0,0,0,0,0,0,0,0,0,0,0,0,0,0,0,0,0,0,0,0,0,0,0,0,0,0,0,0,0,0,0,0,0,0,0,0,0,0,0,0,0,0,0,0,0,0,0,0,0,0,0,0,0,0,0,0,0,0,0,0,0,0,0,0,0,0,0
0,0,0,0,0,0,0,0,0,0,0,0,0,0,0,0,0,0,0,0,0,0,0,0,0,0,0,0,0,0,0,0,0,0,0,0,0,0,0,0,0,0,0,0,0,0,0,0,0,0,0,0,0,0,0,0,0,0,0,0,0,0,0,0,0,0,0,0,0,0,0,0,0,0,0,0,0,0,0,0,0,0,0,0,0,0,0,0,0,0,0,0,0,0,0,0,0,0,0,0
5,0,814,267,814,814,814,0,0,0,808,814,0,1172,814,0,808,0,0,814,15,5,0,0,0,0,6,803,31,1246,793,0,814,0,0,814,0,814,814,0,0,0,814,1246,0,15,814,0,814,0,0,0,61,5,51,286,0,4,195,0,0,814,286,0,0,814,0,814,0,0,0,597,0,0,0,814,814,814,5,814,814,814,814,0,0,814,0,0,814,21,31,814,370,0,814,0,1246,1246,0,814
0,0,0,0,0,0,0,0,0,0,0,0,0,0,0,0,0,0,0,0,0,0,0,0,0,0,0,0,0,0,0,0,0,0,0,0,0,0,0,0,0,0,0,0,0,0,0,0,0,0,0,0,0,0,0,0,0,0,0,0,0,0,0,0,0,0,0,0,0,0,0,0,0,0,0,0,0,0,0,0,0,0,0,0,0,0,0,0,0,0,0,0,0,0,0,0,0,0,0,0
0,0,0,0,0,0,0,0,0,0,0,0,0,0,0,0,0,0,0,0,0,0,0,0,0,0,0,0,0,0,0,0,0,0,0,0,0,0,0,0,0,0,0,0,0,0,0,0,0,0,0,0,0,0,0,0,0,0,0,0,0,0,0,0,0,0,0,0,0,0,0,0,0,0,0,0,0,0,0,0,0,0,0,0,0,0,0,0,0,0,0,0,0,0,0,0,0,0,0,0
0,0,0,0,0,0,0,0,0,0,0,0,0,0,0,0,0,0,0,0,0,0,0,0,0,0,0,0,0,0,0,0,0,0,0,0,0,0,0,0,0,0,0,0,0,0,0,0,0,0,0,0,0,0,0,0,0,0,0,0,0,0,0,0,0,0,0,0,0,0,0,0,0,0,0,0,0,0,0,0,0,0,0,0,0,0,0,0,0,0,0,0,0,0,0,0,0,0,0,0
0,0,0,0,0,0,0,0,0,0,0,0,0,0,0,0,0,0,0,0,0,0,0,0,0,0,0,0,0,0,0,0,0,0,0,0,0,0,0,0,0,0,0,0,0,0,0,0,0,0,0,0,0,0,0,0,0,0,0,0,0,0,0,0,0,0,0,0,0,0,0,0,0,0,0,0,0,0,0,0,0,0,0,0,0,0,0,0,0,0,0,0,0,0,0,0,0,0,0,0
0,0,0,0,0,0,0,0,0,0,0,0,0,0,0,0,0,0,0,0,0,0,0,0,0,0,0,0,0,0,0,0,0,0,0,0,0,0,0,0,0,0,0,0,0,0,0,0,0,0,0,0,0,0,0,0,0,0,0,0,0,0,0,0,0,0,0,0,0,0,0,0,0,0,0,0,0,0,0,0,0,0,0,0,0,0,0,0,0,0,0,0,0,0,0,0,0,0,0,0
570,0,570,570,209,143,570,0,0,541,570,570,570,0,47,0,570,541,0,570,0,570,0,508,0,517,570,570,570,0,570,0,570,0,206,499,527,509,302,0,407,72,539,0,548,0,499,0,570,570,0,0,570,570,570,0,541,0,570,0,19,47,570,0,547,570,37,29,220,0,509,0,37,525,0,570,498,570,570,570,570,499,570,0,71,78,130,0,570,570,570,570,0,555,570,570,0,0,419,570
1006,609,975,1006,0,0,74,0,163,1006,1006,0,1006,0,0,0,1006,1006,770,738,0,1006,532,1006,1006,1006,1006,1006,1006,0,1006,0,91,0,1006,0,1006,0,0,152,1006,1006,0,0,1006,0,0,0,968,1006,0,0,1006,1006,1006,0,1006,0,1006,0,1006,0,1006,1006,1006,912,1006,0,1006,0,1006,0,1006,1006,532,1006,0,1006,1006,62,44,0,144,0,1006,0,1006,856,924,1006,1006,0,0,1006,0,1006,0,0,1006,804
0,0,0,0,0,0,0,0,0,0,0,0,0,0,0,0,0,0,0,0,0,0,0,0,0,0,0,0,0,0,0,0,0,0,0,0,0,0,0,0,0,0,0,0,0,0,0,0,0,0,0,0,0,0,0,0,0,0,0,0,0,0,0,0,0,0,0,0,0,0,0,0,0,0,0,0,0,0,0,0,0,0,0,0,0,0,0,0,0,0,0,0,0,0,0,0,0,0,0,0
0,0,0,0,0,0,0,0,0,0,0,0,0,0,0,0,0,0,0,0,0,0,0,0,0,0,0,0,0,0,0,0,0,0,0,0,0,0,0,0,0,0,0,0,0,0,0,0,0,0,0,0,0,0,0,0,0,0,0,0,0,0,0,0,0,0,0,0,0,0,0,0,0,0,0,0,0,0,0,0,0,0,0,0,0,0,0,0,0,0,0,0,0,0,0,0,0,0,0,0
1116,738,1133,1126,843,831,971,339,699,1015,1151,891,1104,0,837,0,1151,1026,758,1056,701,1114,737,963,870,965,1118,1154,1118,0,1142,0,977,0,922,865,974,870,844,698,947,922,885,0,1034,701,868,8,1128,1082,0,6,1118,1114,1115,717,1018,700,1124,428,883,809,1127,867,1036,1090,885,779,924,0,961,712,885,971,737,1742,852,1153,1116,953,932,863,996,0,905,818,924,772,1100,1120,1118,890,712,1042,890,1111,0,0,951,1065
434,0,2392,463,2100,2087,2419,0,0,390,499,2398,427,0,2054,0,499,390,0,2414,1926,434,0,347,16,356,440,494,445,0,492,0,2419,0,261,2301,371,2327,2139,0,330,159,2373,0,402,1926,2307,0,2392,418,0,0,449,434,448,1946,390,1919,461,0,31,2054,463,15,400,2406,69,2028,264,0,348,1956,62,367,0,1221,2270,518,434,2419,2419,2301,2419,0,101,2079,235,0,2395,443,445,2396,1946,404,2396,432,0,0,332,2410
0,0,0,0,0,0,0,0,0,0,0,0,0,0,0,0,0,0,0,0,0,0,0,0,0,0,0,0,0,0,0,0,0,0,0,0,0,0,0,0,0,0,0,0,0,0,0,0,0,0,0,0,0,0,0,0,0,0,0,0,0,0,0,0,0,0,0,0,0,0,0,0,0,0,0,0,0,0,0,0,0,0,0,0,0,0,0,0,0,0,0,0,0,0,0,0,0,0,0,0
0,0,0,0,0,0,0,0,0,0,0,0,0,0,0,0,0,0,0,0,27,0,0,0,0,0,0,0,0,0,0,0,0,0,0,0,0,0,0,0,0,0,0,0,0,23,0,0,0,0,0,0,0,0,0,13,0,16,0,0,0,0,0,0,0,0,0,0,0,0,0,0,0,0,0,0,0,0,0,0,0,0,0,0,0,0,0,0,0,0,0,0,4,0,0,0,0,0,0,0
0,0,0,0,0,0,0,0,0,0,0,0,0,0,0,0,0,0,0,0,0,0,0,0,0,0,0,0,0,0,0,0,0,0,0,0,0,0,0,0,0,0,0,0,0,0,0,0,0,0,0,0,0,0,0,0,0,0,0,0,0,0,0,0,0,0,0,0,0,0,0,0,0,0,0,0,0,0,0,0,0,0,0,0,0,0,0,0,0,0,0,0,0,0,0,0,0,0,0,0
217,50,583,385,0,0,4,0,9,206,419,0,217,0,0,0,385,194,43,411,0,233,43,161,91,104,259,245,245,0,366,0,8,0,245,0,233,0,0,9,145,120,0,0,290,0,0,0,581,161,0,0,338,276,349,0,185,0,366,0,80,0,385,145,217,585,97,0,217,0,276,0,120,88,49,474,0,438,206,0,0,0,12,0,97,0,120,72,584,185,290,0,0,233,0,349,0,0,217,443
49,0,1243,116,1042,1012,1133,0,0,0,146,1101,26,188,927,0,146,0,0,1191,624,49,0,0,0,0,63,143,79,91,138,0,1108,0,0,1033,0,1046,1061,0,0,0,1071,122,0,628,1024,0,1253,0,0,0,92,49,89,641,0,632,115,0,0,1048,116,0,0,1222,0,928,0,0,0,710,0,0,0,551,1040,146,49,1108,1112,1053,1148,0,0,1033,0,0,1232,73,78,1104,669,0,1090,33,140,179,0,1225
562,0,1013,622,608,602,1005,0,0,486,635,998,544,0,561,0,635,492,0,1012,383,562,0,445,24,459,571,639,584,0,634,0,1003,0,405,837,475,900,612,0,419,228,973,0,510,383,849,0,1013,538,0,0,592,561,588,386,488,382,613,0,41,561,622,24,504,1012,69,532,409,0,447,402,69,468,0,801,804,635,562,1003,1003,837,1007,0,155,590,316,3,1013,576,584,997,392,511,997,549,0,0,419,1012
790,936,0,601,0,0,0,1170,993,800,537,0,790,0,0,0,541,803,1026,0,0,766,993,832,917,881,735,622,752,0,569,0,0,0,752,0,766,0,0,1026,841,860,0,0,695,0,0,1244,0,832,0,1199,632,719,621,0,810,0,608,1126,1062,0,601,841,790,0,900,0,790,0,719,0,860,936,936,0,0,491,800,0,0,0,0,0,900,0,860,1026,0,810,695,0,0,766,0,621,0,0,790,0
0,0,0,0,0,0,0,0,0,0,0,0,0,0,0,0,0,0,0,0,0,0,0,0,0,0,0,0,0,0,0,0,0,0,0,0,0,0,0,0,0,0,0,0,0,0,0,0,0,0,0,0,0,0,0,0,0,0,0,0,0,0,0,0,0,0,0,0,0,0,0,0,0,0,0,0,0,0,0,0,0,0,0,0,0,0,0,0,0,0,0,0,0,0,0,0,0,0,0,0
0,0,0,0,0,0,0,0,0,0,0,0,0,0,0,0,0,0,0,0,0,0,0,0,0,0,0,0,0,728,0,0,0,0,0,0,0,0,0,0,0,0,0,728,0,0,0,0,0,0,0,0,0,0,0,0,0,0,0,0,0,0,0,0,0,0,0,0,0,0,0,0,0,0,0,0,0,0,0,0,0,0,0,0,0,0,0,0,0,0,0,0,0,0,0,0,728,0,0,0
0,0,0,0,0,0,0,0,0,0,0,0,0,0,0,0,0,0,0,0,0,0,0,0,0,0,0,0,0,0,0,0,0,0,0,0,0,0,0,0,0,0,0,0,0,0,0,0,0,0,0,0,0,0,0,0,0,0,0,0,0,0,0,0,0,0,0,0,0,0,0,0,0,0,0,0,0,0,0,0,0,0,0,0,0,0,0,0,0,0,0,0,0,0,0,0,0,0,0,0
0,0,0,0,0,0,0,0,0,0,0,0,0,0,0,0,0,0,0,0,0,0,0,0,0,0,0,0,0,0,0,0,0,0,0,0,0,0,0,0,0,0,0,0,0,0,0,0,0,0,0,0,0,0,0,0,0,0,0,0,0,0,0,0,0,0,0,0,0,0,0,0,0,0,0,0,0,0,0,0,0,0,0,0,0,0,0,0,0,0,0,0,0,0,0,0,0,0,0,0
0,0,0,0,0,0,0,0,0,0,0,0,0,0,0,0,0,0,0,0,0,0,0,0,0,0,0,0,0,811,0,0,0,0,0,0,0,0,0,0,0,0,0,811,0,0,0,0,0,0,0,0,0,0,0,0,0,0,0,0,0,0,0,0,0,0,0,0,0,0,0,0,0,0,0,0,0,0,0,0,0,0,0,0,0,0,0,0,0,0,0,0,0,0,0,0,811,208,0,0
0,0,0,0,0,0,0,0,0,0,0,0,0,0,0,0,0,0,0,0,0,0,0,0,0,0,0,0,0,0,0,0,0,0,0,0,0,0,0,0,0,0,0,0,0,0,0,0,0,0,0,0,0,0,0,0,0,0,0,0,0,0,0,0,0,0,0,0,0,0,0,0,0,0,0,0,0,0,0,0,0,0,0,0,0,0,0,0,0,0,0,0,0,0,0,0,0,0,0,0
0,0,0,0,0,0,0,0,0,0,0,0,0,0,0,0,0,0,0,0,0,0,0,0,0,0,0,0,0,52,0,0,0,0,0,0,0,0,0,0,0,0,0,104,0,0,0,0,0,0,0,0,0,0,0,0,0,0,0,0,0,0,0,0,0,0,0,0,0,0,0,0,0,0,0,0,0,0,0,0,0,0,0,0,0,0,0,0,0,0,0,0,0,0,0,0,34,0,0,0
907,670,520,1439,501,501,501,214,618,896,1455,501,899,0,501,0,1445,886,581,501,0,914,618,826,693,726,933,1408,1057,0,1442,0,501,0,907,501,905,501,501,581,809,760,501,0,910,0,501,0,507,826,0,0,1151,917,1114,1,868,0,1418,273,538,501,1439,809,898,501,713,501,898,0,908,14,760,670,670,1494,501,1473,905,501,501,501,501,0,713,501,760,581,502,946,1054,501,3,905,501,939,0,0,898,501
0,0,0,0,0,0,0,0,0,0,0,0,0,0,0,0,0,0,0,0,0,0,0,0,0,0,0,0,0,0,0,0,0,0,0,0,0,0,0,0,0,0,0,0,0,0,0,0,0,0,0,0,0,0,0,0,0,0,0,0,0,0,0,0,0,0,0,0,0,0,0,0,0,0,0,0,0,0,0,0,0,0,0,0,0,0,0,0,0,0,0,0,0,0,0,0,0,0,0,0
0,0,0,0,0,0,0,0,0,0,0,0,0,0,0,0,0,0,0,0,0,0,0,0,0,0,0,0,0,0,0,0,0,0,0,0,0,0,0,0,0,0,0,0,0,0,0,0,0,0,0,0,0,0,0,0,0,0,0,0,0,0,0,0,0,0,0,0,0,0,0,0,0,0,0,0,0,0,0,0,0,0,0,0,0,0,0,0,0,0,0,0,0,0,0,0,0,0,0,0
0,0,0,0,0,0,0,0,0,0,0,0,0,0,0,0,0,0,0,0,0,0,0,0,0,0,0,0,0,0,0,0,0,0,0,0,0,0,0,0,0,0,0,0,0,0,0,0,0,0,0,0,0,0,0,0,0,0,0,0,0,0,0,0,0,0,0,0,0,0,0,0,0,0,0,0,0,0,0,0,0,0,0,0,0,0,0,0,0,0,0,0,0,0,0,0,0,0,0,0
0,0,248,39,22,7,125,0,0,0,190,107,0,0,0,0,192,0,0,180,0,0,0,0,0,0,4,288,7,0,139,0,110,0,0,30,0,46,46,0,0,0,79,0,0,0,22,0,267,0,0,0,7,0,7,0,0,0,36,0,0,14,41,0,0,216,0,0,0,0,0,0,0,0,0,534,38,247,0,110,110,60,140,0,0,14,0,0,234,4,5,107,0,0,101,0,0,0,0,216
329,0,779,546,978,979,949,0,0,20,577,967,279,0,976,0,546,30,0,854,0,354,0,0,0,1,389,399,388,0,525,0,963,0,0,978,5,978,978,0,0,0,976,0,68,0,978,0,774,178,0,0,497,404,510,0,21,0,525,0,0,974,546,0,38,797,0,928,0,0,0,0,0,1,0,656,978,625,318,963,963,978,936,0,0,979,0,0,786,311,442,967,0,55,971,419,0,0,0,797
0,0,0,0,0,0,0,0,0,0,0,0,0,0,0,0,0,0,0,0,0,0,0,0,0,0,0,0,0,0,0,0,0,0,0,0,0,0,0,0,0,0,0,0,0,0,0,0,0,0,0,0,0,0,0,0,0,0,0,0,0,0,0,0,0,0,0,0,0,0,0,0,0,0,0,0,0,0,0,0,0,0,0,0,0,0,0,0,0,0,0,0,0,0,0,0,0,0,0,0
0,0,0,0,0,0,0,0,0,0,0,0,0,0,0,649,0,0,0,0,0,0,0,0,0,0,0,0,0,0,0,659,0,669,0,0,0,0,0,0,0,0,0,0,0,0,0,0,0,0,808,0,0,0,0,0,0,0,0,0,0,0,0,0,0,0,0,0,0,794,0,0,0,0,0,0,0,0,0,0,0,0,0,669,0,0,0,0,0,0,0,0,0,0,0,0,0,0,0,0
0,0,0,0,0,0,0,0,0,0,0,0,0,0,0,0,0,0,0,0,0,0,0,0,0,0,0,0,0,0,0,0,0,0,0,0,0,0,0,0,0,0,0,0,0,0,0,0,0,0,0,0,0,0,0,0,0,0,0,0,0,0,0,0,0,0,0,0,0,0,0,0,0,0,0,0,0,0,0,0,0,0,0,0,0,0,0,0,0,0,0,0,0,0,0,0,0,0,0,0
574,296,1314,679,878,875,950,0,96,485,740,925,565,0,867,0,740,488,324,1192,596,574,282,467,409,467,594,739,627,0,737,0,954,0,454,907,468,907,880,89,459,428,914,0,504,596,907,0,1314,538,0,0,629,574,628,647,485,594,667,0,420,867,680,409,495,1298,423,845,454,0,467,662,422,467,282,1323,906,747,574,947,942,907,988,0,427,867,449,342,1302,615,627,921,647,504,921,565,0,0,459,1224
0,0,0,0,0,0,0,0,0,0,0,0,0,0,0,0,0,0,0,0,0,0,0,0,0,0,0,0,0,0,0,0,0,0,0,0,0,0,0,0,0,0,0,0,0,0,0,0,0,0,0,0,0,0,0,0,0,0,0,0,0,0,0,0,0,0,0,0,0,0,0,0,0,0,0,0,0,0,0,0,0,0,0,0,0,0,0,0,0,0,0,0,0,0,0,0,0,0,0,0
0,0,0,0,0,0,0,0,0,0,0,0,0,0,0,0,0,0,0,0,0,0,0,0,0,0,0,0,0,0,0,0,0,0,0,0,0,0,0,0,0,0,0,0,0,0,0,0,0,0,0,0,0,0,0,0,0,0,0,0,0,0,0,0,0,0,0,0,0,0,0,0,0,0,0,0,0,0,0,0,0,0,0,0,0,0,0,0,0,0,0,0,0,0,0,0,0,0,0,0
0,0,5,0,384,384,384,0,0,0,0,384,0,0,384,0,0,0,0,127,384,0,0,0,0,0,0,0,0,0,0,0,384,0,0,384,0,384,384,0,0,0,384,0,0,384,384,0,13,0,0,0,0,0,0,384,0,384,0,0,0,384,0,0,0,20,0,384,0,0,0,384,0,0,0,0,384,0,0,384,384,384,381,0,0,384,0,0,16,0,0,384,384,0,384,0,0,0,0,86
462,0,462,462,23,11,460,0,0,462,462,394,462,0,0,0,462,462,0,462,0,462,0,462,66,462,462,462,462,0,462,0,462,0,411,202,462,287,31,0,444,329,353,0,462,0,230,0,462,462,0,0,462,462,462,0,462,0,462,0,89,0,462,65,462,462,151,0,416,0,462,0,133,462,0,462,140,462,462,452,430,202,462,0,198,2,372,0,462,462,462,392,0,462,392,462,0,0,450,462
0,0,0,0,0,0,0,0,0,0,0,0,0,0,0,0,0,0,0,0,0,0,0,0,0,0,0,0,0,0,0,0,0,0,0,0,0,0,0,0,0,0,0,0,0,0,0,0,0,0,0,0,0,0,0,0,0,0,0,0,0,0,0,0,0,0,0,0,0,0,0,0,0,0,0,0,0,0,0,0,0,0,0,0,0,0,0,0,0,0,0,0,0,0,0,0,0,0,0,0
0,0,0,0,0,0,0,0,0,0,0,0,0,0,0,0,0,0,0,0,0,0,0,0,0,0,0,0,0,0,0,0,0,0,0,0,0,0,0,0,0,0,0,0,0,0,0,0,0,0,0,0,0,0,0,0,0,0,0,0,0,0,0,0,0,0,0,0,0,0,0,0,0,0,0,0,0,0,0,0,0,0,0,0,0,0,0,0,0,0,0,0,0,0,0,0,0,0,0,0
0,0,0,0,0,0,0,0,0,0,0,0,0,114,0,0,0,0,0,0,408,0,0,0,0,0,0,0,0,0,0,0,0,0,0,0,0,0,0,0,0,0,0,0,0,408,0,0,0,0,0,0,0,0,0,408,0,408,0,0,0,0,0,0,0,0,0,1,0,0,0,406,0,0,0,0,0,0,0,0,0,0,0,0,0,0,0,0,0,0,0,0,408,0,0,0,0,99,0,0
0,0,0,0,0,0,0,0,0,0,0,0,0,0,0,0,0,0,0,0,0,0,0,0,0,0,0,0,0,676,0,0,0,0,0,0,0,0,0,0,0,0,0,676,0,0,0,0,0,0,0,0,0,0,0,0,0,0,0,0,0,0,0,0,0,0,0,0,0,0,0,0,0,0,0,0,0,0,0,0,0,0,0,0,0,0,0,0,0,0,0,0,0,0,0,0,663,0,0,0
0,0,0,0,0,0,0,0,0,0,0,0,0,0,0,0,0,0,0,0,0,0,0,0,0,0,0,0,0,0,0,0,0,0,0,0,0,0,0,0,0,0,0,0,0,0,0,0,0,0,0,0,0,0,0,0,0,0,0,0,0,0,0,0,0,0,0,0,0,0,0,0,0,0,0,0,0,0,0,0,0,0,0,0,0,0,0,0,0,0,0,0,0,0,0,0,0,0,0,0
0,0,0,0,0,0,0,0,0,0,0,0,0,0,0,0,0,0,0,0,0,0,0,0,0,0,0,0,0,0,0,0,0,0,0,0,0,0,0,0,0,0,0,0,0,0,0,0,0,0,0,0,0,0,0,0,0,0,0,0,0,0,0,0,0,0,0,0,0,0,0,0,0,0,0,0,0,0,0,0,0,0,0,0,0,0,0,0,0,0,0,0,0,0,0,0,0,0,0,0
0,0,0,0,0,0,0,0,0,0,0,0,0,0,0,0,0,0,0,0,0,0,0,0,0,0,0,0,0,0,0,0,0,0,0,0,0,0,0,0,0,0,0,0,0,0,0,0,0,0,0,0,0,0,0,0,0,0,0,0,0,0,0,0,0,0,0,0,0,0,0,0,0,0,0,0,0,0,0,0,0,0,0,0,0,0,0,0,0,0,0,0,0,0,0,0,0,0,0,0
0,0,0,0,0,0,0,0,0,0,0,0,0,0,0,0,0,0,0,0,0,0,0,0,0,0,0,0,0,0,0,0,0,0,0,0,0,0,0,0,0,0,0,0,0,0,0,0,0,0,0,0,0,0,0,0,0,0,0,0,0,0,0,0,0,0,0,0,0,0,0,0,0,0,0,0,0,0,0,0,0,0,0,0,0,0,0,0,0,0,0,0,0,0,0,0,0,0,0,0
616,616,352,616,787,787,787,2,609,616,616,787,616,0,787,0,616,616,616,702,787,616,616,616,616,616,616,616,616,0,616,0,787,0,616,787,616,787,787,608,616,616,787,0,616,787,787,0,289,616,0,0,616,616,616,787,616,787,616,2,616,787,616,616,616,361,616,787,616,0,616,787,616,616,616,616,787,616,616,787,787,787,787,0,616,787,616,616,271,616,616,787,787,616,787,616,0,0,616,655
1082,1360,1471,1373,458,403,956,1309,1351,995,2048,823,1063,0,302,0,2103,995,1362,1232,20,1082,1360,949,1341,960,1086,2344,1091,0,2030,0,875,0,957,517,964,574,544,1351,946,1012,707,0,1000,20,492,1244,1512,1042,0,1131,1147,1077,1114,53,995,11,1354,1310,1318,408,1383,1343,1002,1356,1209,272,956,0,949,68,1225,961,1360,2163,541,2089,1082,871,860,601,1036,0,1096,425,973,1372,1410,1090,1084,823,62,1008,788,1062,0,0,946,1346
0,0,0,0,0,0,0,0,0,0,0,0,0,0,0,0,0,0,0,0,0,0,0,0,0,0,0,0,0,0,0,0,0,0,0,0,0,0,0,0,0,0,0,0,0,0,0,0,0,0,0,0,0,0,0,0,0,0,0,0,0,0,0,0,0,0,0,0,0,0,0,0,0,0,0,0,0,0,0,0,0,0,0,0,0,0,0,0,0,0,0,0,0,0,0,0,0,0,0,0
0,0,0,0,0,0,0,0,0,0,0,0,0,0,0,0,0,0,0,0,0,0,0,0,0,0,0,0,0,0,0,0,0,0,0,0,0,0,0,0,0,0,0,0,0,0,0,0,0,0,0,0,0,0,0,0,0,0,0,0,0,0,0,0,0,0,0,0,0,0,0,0,0,0,0,0,0,0,0,0,0,0,0,0,0,0,0,0,0,0,0,0,0,0,0,0,0,0,0,0
0,0,0,0,0,0,0,0,0,0,0,0,0,0,0,0,0,0,0,0,0,0,0,0,0,0,0,0,0,0,0,0,0,0,0,0,0,0,0,0,0,0,0,0,0,0,0,0,0,0,0,0,0,0,0,0,0,0,0,0,0,0,0,0,0,0,0,0,0,0,0,0,0,0,0,0,0,0,0,0,0,0,0,0,0,0,0,0,0,0,0,0,0,0,0,0,0,0,0,0
0,0,0,0,0,0,0,0,0,0,0,0,0,0,0,0,0,0,0,0,0,0,0,0,0,0,0,0,0,0,0,0,0,0,0,0,0,0,0,0,0,0,0,0,0,0,0,0,0,0,0,0,0,0,0,0,0,0,0,0,0,0,0,0,0,0,0,0,0,0,0,0,0,0,0,0,0,0,0,0,0,0,0,0,0,0,0,0,0,0,0,0,0,0,0,0,0,0,0,0
0,0,0,0,0,0,0,0,0,0,0,0,0,0,0,0,0,0,0,0,0,0,0,0,0,0,0,0,0,0,0,0,0,0,0,0,0,0,0,0,0,0,0,0,0,0,0,0,0,0,0,0,0,0,0,0,0,0,0,0,0,0,0,0,0,0,0,0,0,0,0,0,0,0,0,0,0,0,0,0,0,0,0,0,0,0,0,0,0,0,0,0,0,0,0,0,0,0,0,0
0,0,0,0,0,0,0,0,0,0,0,0,0,399,0,0,0,0,0,0,0,0,0,0,0,0,0,0,0,399,0,0,0,0,0,0,0,0,0,0,0,0,0,399,0,0,0,0,0,0,0,0,0,0,0,0,0,0,0,0,0,0,0,0,0,0,0,0,0,0,0,0,0,0,0,0,0,0,0,0,0,0,0,0,0,0,0,0,0,0,0,0,0,0,0,0,399,399,0,0
0,0,0,0,0,0,0,0,0,0,0,0,0,0,0,0,0,0,0,0,0,0,0,0,0,0,0,0,0,0,0,0,0,0,0,0,0,0,0,0,0,0,0,0,0,0,0,0,0,0,0,0,0,0,0,0,0,0,0,0,0,0,0,0,0,0,0,0,0,0,0,0,0,0,0,0,0,0,0,0,0,0,0,0,0,0,0,0,0,0,0,0,0,0,0,0,0,0,0,0
0,0,0,0,0,0,0,0,0,0,0,0,0,0,0,0,0,0,0,0,0,0,0,0,0,0,0,0,0,0,0,0,0,0,0,0,0,0,0,0,0,0,0,0,0,0,0,0,0,0,0,0,0,0,0,0,0,0,0,0,0,0,0,0,0,0,0,0,0,0,0,0,0,0,0,0,0,0,0,0,0,0,0,0,0,0,0,0,0,0,0,0,0,0,0,0,0,0,0,0
0,0,0,0,0,0,0,0,0,0,0,0,0,415,0,0,0,0,0,0,543,0,0,0,0,0,0,0,0,0,0,0,0,0,0,0,0,0,0,0,0,0,0,0,0,543,0,0,0,0,0,0,0,0,0,504,0,544,0,0,0,0,0,0,0,0,0,0,0,0,0,482,0,0,0,0,0,0,0,0,0,0,0,0,0,0,0,0,0,0,0,0,503,0,0,0,0,385,0,0
0,0,0,0,0,0,0,0,0,0,0,0,0,0,0,0,0,0,0,0,0,0,0,0,0,0,0,0,0,0,0,0,0,0,0,0,0,0,0,0,0,0,0,0,0,0,0,0,0,0,0,0,0,0,0,0,0,0,0,0,0,0,0,0,0,0,0,0,0,0,0,0,0,0,0,0,0,0,0,0,0,0,0,0,0,0,0,0,0,0,0,0,0,0,0,0,0,0,0,0
0,0,0,0,0,0,0,0,0,0,0,0,0,0,0,0,0,0,0,0,0,0,0,0,0,0,0,0,0,0,0,0,0,0,0,0,0,0,0,0,0,0,0,0,0,0,0,0,0,0,0,0,0,0,0,0,0,0,0,0,0,0,0,0,0,0,0,0,0,0,0,0,0,0,0,0,0,0,0,0,0,0,0,0,0,0,0,0,0,0,0,0,0,0,0,0,0,0,0,0
0,0,0,0,0,0,0,0,0,0,0,0,0,0,0,0,0,0,0,0,0,0,0,0,0,0,0,0,0,0,0,0,0,0,0,0,0,0,0,0,0,0,0,0,0,0,0,0,0,0,0,0,0,0,0,0,0,0,0,0,0,0,0,0,0,0,0,0,0,0,0,0,0,0,0,0,0,0,0,0,0,0,0,0,0,0,0,0,0,0,0,0,0,0,0,0,0,0,0,0
0,0,0,0,0,0,0,0,0,0,0,0,0,0,0,0,0,0,0,0,0,0,0,0,0,0,0,0,0,0,0,0,0,0,0,0,0,0,0,0,0,0,0,0,0,0,0,0,0,0,0,0,0,0,0,0,0,0,0,0,0,0,0,0,0,0,0,0,0,0,0,0,0,0,0,0,0,0,0,0,0,0,0,0,0,0,0,0,0,0,0,0,0,0,0,0,0,0,0,0
0,0,0,0,0,0,0,0,0,0,0,0,0,0,0,0,0,0,0,0,0,0,0,0,0,0,0,0,0,0,0,0,0,0,0,0,0,0,0,0,0,0,0,0,0,0,0,0,0,0,0,0,0,0,0,0,0,0,0,0,0,0,0,0,0,0,0,0,0,0,0,0,0,0,0,0,0,0,0,0,0,0,0,0,0,0,0,0,0,0,0,0,0,0,0,0,0,0,0,0
0,0,0,0,0,0,0,0,0,0,0,0,0,0,0,0,0,0,0,0,0,0,0,0,0,0,0,0,0,0,0,0,0,0,0,0,0,0,0,0,0,0,0,0,0,0,0,0,0,0,0,0,0,0,0,0,0,0,0,0,0,0,0,0,0,0,0,0,0,0,0,0,0,0,0,0,0,0,0,0,0,0,0,0,0,0,0,0,0,0,0,0,0,0,0,0,0,0,0,0
0,0,0,0,0,0,0,0,0,0,0,0,0,0,0,0,0,0,0,0,0,0,0,0,0,0,0,0,0,0,0,0,0,0,0,0,0,0,0,0,0,0,0,0,0,0,0,0,0,0,0,0,0,0,0,0,0,0,0,0,0,0,0,0,0,0,0,0,0,0,0,0,0,0,0,0,0,0,0,0,0,0,0,0,0,0,0,0,0,0,0,0,0,0,0,0,0,0,0,0
0,0,0,0,0,0,0,0,0,0,0,0,0,0,0,0,0,0,0,0,0,0,0,0,0,0,0,0,0,0,0,0,0,0,0,0,0,0,0,0,0,0,0,0,0,0,0,0,0,0,0,0,0,0,0,0,0,0,0,0,0,0,0,0,0,0,0,0,0,0,0,0,0,0,0,0,0,0,0,0,0,0,0,0,0,0,0,0,0,0,0,0,0,0,0,0,0,0,0,0
0,0,401,0,401,401,401,0,0,0,0,401,0,862,401,0,0,0,0,401,973,0,0,0,0,0,0,0,0,290,0,0,401,0,0,401,0,401,401,0,0,0,401,290,0,973,401,0,401,0,0,0,0,0,0,948,0,973,0,0,0,401,0,0,0,401,0,401,0,0,0,854,0,0,0,401,401,0,0,401,401,401,401,0,0,401,0,0,401,0,0,401,922,0,401,0,290,860,0,401
0,0,0,0,0,0,0,0,0,0,0,0,0,0,0,0,0,0,0,0,0,0,0,0,0,0,0,0,0,0,0,0,0,0,0,0,0,0,0,0,0,0,0,0,0,0,0,0,0,0,0,0,0,0,0,0,0,0,0,0,0,0,0,0,0,0,0,0,0,0,0,0,0,0,0,0,0,0,0,0,0,0,0,0,0,0,0,0,0,0,0,0,0,0,0,0,0,0,0,0
0,0,0,0,0,0,0,0,0,0,0,0,0,0,0,0,0,0,0,0,0,0,0,0,0,0,0,0,0,0,0,0,0,0,0,0,0,0,0,0,0,0,0,0,0,0,0,0,0,0,0,0,0,0,0,0,0,0,0,0,0,0,0,0,0,0,0,0,0,0,0,0,0,0,0,0,0,0,0,0,0,0,0,0,0,0,0,0,0,0,0,0,0,0,0,0,0,0,0,0
0,0,0,0,0,0,0,0,0,0,0,0,0,0,0,0,0,0,0,0,0,0,0,0,0,0,0,0,0,0,0,0,0,0,0,0,0,0,0,0,0,0,0,0,0,0,0,0,0,0,0,0,0,0,0,0,0,0,0,0,0,0,0,0,0,0,0,0,0,0,0,0,0,0,0,0,0,0,0,0,0,0,0,0,0,0,0,0,0,0,0,0,0,0,0,0,0,0,0,0
0,0,0,0,0,0,0,0,0,0,0,0,0,0,0,0,0,0,0,0,0,0,0,0,0,0,0,0,0,0,0,0,0,0,0,0,0,0,0,0,0,0,0,0,0,0,0,0,0,0,0,0,0,0,0,0,0,0,0,0,0,0,0,0,0,0,0,0,0,0,0,0,0,0,0,0,0,0,0,0,0,0,0,0,0,0,0,0,0,0,0,0,0,0,0,0,0,0,0,0
0,0,0,0,0,0,0,0,0,0,0,0,0,0,0,0,0,0,0,0,0,0,0,0,0,0,0,0,0,0,0,0,0,0,0,0,0,0,0,0,0,0,0,0,0,0,0,0,0,0,0,0,0,0,0,0,0,0,0,0,0,0,0,0,0,0,0,0,0,0,0,0,0,0,0,0,0,0,0,0,0,0,0,0,0,0,0,0,0,0,0,0,0,0,0,0,0,0,0,0
0,0,0,0,0,0,0,0,0,0,0,0,0,0,0,0,0,0,0,0,0,0,0,0,0,0,0,0,0,0,0,0,0,0,0,0,0,0,0,0,0,0,0,0,0,0,0,0,0,0,0,0,0,0,0,0,0,0,0,0,0,0,0,0,0,0,0,0,0,0,0,0,0,0,0,0,0,0,0,0,0,0,0,0,0,0,0,0,0,0,0,0,0,0,0,0,0,0,0,0
0,0,0,0,0,0,0,0,0,0,0,0,0,0,0,0,0,0,0,0,0,0,0,0,0,0,0,0,0,0,0,0,0,0,0,0,0,0,0,0,0,0,0,0,0,0,0,0,0,0,0,0,0,0,0,0,0,0,0,0,0,0,0,0,0,0,0,0,0,0,0,0,0,0,0,0,0,0,0,0,0,0,0,0,0,0,0,0,0,0,0,0,0,0,0,0,0,0,0,0
0,0,0,0,0,0,0,0,0,0,0,0,0,0,0,0,0,0,0,0,0,0,0,0,0,0,0,0,0,0,0,0,0,0,0,0,0,0,0,0,0,0,0,0,0,0,0,0,0,0,0,0,0,0,0,0,0,0,0,0,0,0,0,0,0,0,0,0,0,0,0,0,0,0,0,0,0,0,0,0,0,0,0,0,0,0,0,0,0,0,0,0,0,0,0,0,0,0,0,0
0,0,0,0,0,0,0,0,0,0,0,0,0,0,0,0,0,0,0,0,0,0,0,0,0,0,0,0,0,0,0,0,0,0,0,0,0,0,0,0,0,0,0,0,0,0,0,0,0,0,0,0,0,0,0,0,0,0,0,0,0,0,0,0,0,0,0,0,0,0,0,0,0,0,0,0,0,0,0,0,0,0,0,0,0,0,0,0,0,0,0,0,0,0,0,0,0,0,0,0
0,0,0,0,0,0,0,0,0,0,0,0,0,0,0,0,0,0,0,0,0,0,0,0,0,0,0,0,0,0,0,0,0,0,0,0,0,0,0,0,0,0,0,0,0,0,0,0,0,0,0,0,0,0,0,0,0,0,0,0,0,0,0,0,0,0,0,0,0,0,0,0,0,0,0,0,0,0,0,0,0,0,0,0,0,0,0,0,0,0,0,0,0,0,0,0,0,0,0,0
0,0,0,0,0,0,0,0,0,0,0,0,0,0,0,0,0,0,0,0,0,0,0,0,0,0,0,0,0,0,0,0,0,0,0,0,0,0,0,0,0,0,0,0,0,0,0,0,0,0,0,0,0,0,0,0,0,0,0,0,0,0,0,0,0,0,0,0,0,0,0,0,0,0,0,0,0,0,0,0,0,0,0,0,0,0,0,0,0,0,0,0,0,0,0,0,0,0,0,0
0,0,0,0,0,0,0,0,0,0,0,0,0,0,0,0,0,0,0,0,0,0,0,0,0,0,0,0,0,0,0,0,0,0,0,0,0,0,0,0,0,0,0,0,0,0,0,0,0,0,0,0,0,0,0,0,0,0,0,0,0,0,0,0,0,0,0,0,0,0,0,0,0,0,0,0,0,0,0,0,0,0,0,0,0,0,0,0,0,0,0,0,0,0,0,0,0,0,0,0
0,0,0,0,0,0,0,0,0,0,0,0,0,0,0,0,0,0,0,0,0,0,0,0,0,0,0,0,0,0,0,0,0,0,0,0,0,0,0,0,0,0,0,0,0,0,0,0,0,0,0,0,0,0,0,0,0,0,0,0,0,0,0,0,0,0,0,0,0,0,0,0,0,0,0,0,0,0,0,0,0,0,0,0,0,0,0,0,0,0,0,0,0,0,0,0,0,0,0,0
0,0,0,0,0,0,0,0,0,0,0,0,0,0,0,0,0,0,0,0,0,0,0,0,0,0,0,0,0,0,0,0,0,0,0,0,0,0,0,0,0,0,0,0,0,0,0,0,0,0,0,0,0,0,0,0,0,0,0,0,0,0,0,0,0,0,0,0,0,0,0,0,0,0,0,0,0,0,0,0,0,0,0,0,0,0,0,0,0,0,0,0,0,0,0,0,0,0,0,0
0,0,0,0,0,0,0,0,0,0,0,0,0,0,0,0,0,0,0,0,0,0,0,0,0,0,0,0,0,0,0,0,0,0,0,0,0,0,0,0,0,0,0,0,0,0,0,0,0,0,0,0,0,0,0,0,0,0,0,0,0,0,0,0,0,0,0,0,0,0,0,0,0,0,0,0,0,0,0,0,0,0,0,0,0,0,0,0,0,0,0,0,0,0,0,0,0,0,0,0
0,0,0,0,0,0,0,0,0,0,0,0,0,0,0,0,0,0,0,0,0,0,0,0,0,0,0,0,0,0,0,0,0,0,0,0,0,0,0,0,0,0,0,0,0,0,0,0,0,0,0,0,0,0,0,0,0,0,0,0,0,0,0,0,0,0,0,0,0,0,0,0,0,0,0,0,0,0,0,0,0,0,0,0,0,0,0,0,0,0,0,0,0,0,0,0,0,0,0,0
0,0,0,0,0,0,0,0,0,0,0,0,0,0,0,0,0,0,0,0,0,0,0,0,0,0,0,0,0,0,0,0,0,0,0,0,0,0,0,0,0,0,0,0,0,0,0,0,0,0,0,0,0,0,0,0,0,0,0,0,0,0,0,0,0,0,0,0,0,0,0,0,0,0,0,0,0,0,0,0,0,0,0,0,0,0,0,0,0,0,0,0,0,0,0,0,0,0,0,0
0,0,0,0,0,0,0,0,0,0,0,0,0,0,0,0,0,0,0,0,0,0,0,0,0,0,0,0,0,0,0,0,0,0,0,0,0,0,0,0,0,0,0,0,0,0,0,0,0,0,0,0,0,0,0,0,0,0,0,0,0,0,0,0,0,0,0,0,0,0,0,0,0,0,0,0,0,0,0,0,0,0,0,0,0,0,0,0,0,0,0,0,0,0,0,0,0,0,0,0
0,0,0,0,0,0,0,0,0,0,0,0,0,0,0,0,0,0,0,0,0,0,0,0,0,0,0,0,0,0,0,0,0,0,0,0,0,0,0,0,0,0,0,0,0,0,0,0,0,0,0,0,0,0,0,0,0,0,0,0,0,0,0,0,0,0,0,0,0,0,0,0,0,0,0,0,0,0,0,0,0,0,0,0,0,0,0,0,0,0,0,0,0,0,0,0,0,0,0,0
0,0,0,0,0,0,0,0,0,0,0,0,0,0,0,0,0,0,0,0,0,0,0,0,0,0,0,0,0,0,0,0,0,0,0,0,0,0,0,0,0,0,0,0,0,0,0,0,0,0,0,0,0,0,0,0,0,0,0,0,0,0,0,0,0,0,0,0,0,0,0,0,0,0,0,0,0,0,0,0,0,0,0,0,0,0,0,0,0,0,0,0,0,0,0,0,0,0,0,0
0,0,0,0,0,0,0,0,0,0,0,0,0,0,0,0,0,0,0,0,0,0,0,0,0,0,0,0,0,0,0,0,0,0,0,0,0,0,0,0,0,0,0,0,0,0,0,0,0,0,0,0,0,0,0,0,0,0,0,0,0,0,0,0,0,0,0,0,0,0,0,0,0,0,0,0,0,0,0,0,0,0,0,0,0,0,0,0,0,0,0,0,0,0,0,0,0,0,0,0
0,0,0,0,0,0,0,0,0,0,0,0,0,0,0,0,0,0,0,0,0,0,0,0,0,0,0,0,0,0,0,0,0,0,0,0,0,0,0,0,0,0,0,0,0,0,0,0,0,0,0,0,0,0,0,0,0,0,0,0,0,0,0,0,0,0,0,0,0,0,0,0,0,0,0,0,0,0,0,0,0,0,0,0,0,0,0,0,0,0,0,0,0,0,0,0,0,0,0,0
0,0,0,0,0,0,0,0,0,0,0,0,0,0,0,0,0,0,0,0,0,0,0,0,0,0,0,0,0,0,0,0,0,0,0,0,0,0,0,0,0,0,0,0,0,0,0,0,0,0,0,0,0,0,0,0,0,0,0,0,0,0,0,0,0,0,0,0,0,0,0,0,0,0,0,0,0,0,0,0,0,0,0,0,0,0,0,0,0,0,0,0,0,0,0,0,0,0,0,0
0,0,0,0,0,0,0,0,0,0,0,0,0,0,0,0,0,0,0,0,0,0,0,0,0,0,0,0,0,0,0,0,0,0,0,0,0,0,0,0,0,0,0,0,0,0,0,0,0,0,0,0,0,0,0,0,0,0,0,0,0,0,0,0,0,0,0,0,0,0,0,0,0,0,0,0,0,0,0,0,0,0,0,0,0,0,0,0,0,0,0,0,0,0,0,0,0,0,0,0
0,0,0,0,0,0,0,0,0,0,0,0,0,0,0,0,0,0,0,0,0,0,0,0,0,0,0,0,0,0,0,0,0,0,0,0,0,0,0,0,0,0,0,0,0,0,0,0,0,0,0,0,0,0,0,0,0,0,0,0,0,0,0,0,0,0,0,0,0,0,0,0,0,0,0,0,0,0,0,0,0,0,0,0,0,0,0,0,0,0,0,0,0,0,0,0,0,0,0,0
0,0,0,0,0,0,0,0,0,0,0,0,0,0,0,0,0,0,0,0,0,0,0,0,0,0,0,0,0,0,0,0,0,0,0,0,0,0,0,0,0,0,0,0,0,0,0,0,0,0,0,0,0,0,0,0,0,0,0,0,0,0,0,0,0,0,0,0,0,0,0,0,0,0,0,0,0,0,0,0,0,0,0,0,0,0,0,0,0,0,0,0,0,0,0,0,0,0,0,0
0,0,0,0,0,0,0,0,0,0,0,0,0,0,0,0,0,0,0,0,0,0,0,0,0,0,0,0,0,0,0,0,0,0,0,0,0,0,0,0,0,0,0,0,0,0,0,0,0,0,0,0,0,0,0,0,0,0,0,0,0,0,0,0,0,0,0,0,0,0,0,0,0,0,0,0,0,0,0,0,0,0,0,0,0,0,0,0,0,0,0,0,0,0,0,0,0,0,0,0
0,0,0,0,0,0,0,0,0,0,0,0,0,0,0,0,0,0,0,0,0,0,0,0,0,0,0,0,0,0,0,0,0,0,0,0,0,0,0,0,0,0,0,0,0,0,0,0,0,0,0,0,0,0,0,0,0,0,0,0,0,0,0,0,0,0,0,0,0,0,0,0,0,0,0,0,0,0,0,0,0,0,0,0,0,0,0,0,0,0,0,0,0,0,0,0,0,0,0,0
0,0,0,0,0,0,0,0,0,0,0,0,0,0,0,0,0,0,0,0,0,0,0,0,0,0,0,0,0,0,0,0,0,0,0,0,0,0,0,0,0,0,0,0,0,0,0,0,0,0,0,0,0,0,0,0,0,0,0,0,0,0,0,0,0,0,0,0,0,0,0,0,0,0,0,0,0,0,0,0,0,0,0,0,0,0,0,0,0,0,0,0,0,0,0,0,0,0,0,0
0,0,0,0,0,0,0,0,0,0,0,0,0,0,0,0,0,0,0,0,0,0,0,0,0,0,0,0,0,0,0,0,0,0,0,0,0,0,0,0,0,0,0,0,0,0,0,0,0,0,0,0,0,0,0,0,0,0,0,0,0,0,0,0,0,0,0,0,0,0,0,0,0,0,0,0,0,0,0,0,0,0,0,0,0,0,0,0,0,0,0,0,0,0,0,0,0,0,0,0
0,0,0,0,0,0,0,0,0,0,0,0,0,0,0,0,0,0,0,0,0,0,0,0,0,0,0,0,0,0,0,0,0,0,0,0,0,0,0,0,0,0,0,0,0,0,0,0,0,0,0,0,0,0,0,0,0,0,0,0,0,0,0,0,0,0,0,0,0,0,0,0,0,0,0,0,0,0,0,0,0,0,0,0,0,0,0,0,0,0,0,0,0,0,0,0,0,0,0,0
0,0,0,0,0,0,0,0,0,0,0,0,0,0,0,0,0,0,0,0,0,0,0,0,0,0,0,0,0,0,0,0,0,0,0,0,0,0,0,0,0,0,0,0,0,0,0,0,0,0,0,0,0,0,0,0,0,0,0,0,0,0,0,0,0,0,0,0,0,0,0,0,0,0,0,0,0,0,0,0,0,0,0,0,0,0,0,0,0,0,0,0,0,0,0,0,0,0,0,0
0,0,0,0,0,0,0,0,0,0,0,0,0,0,0,0,0,0,0,0,0,0,0,0,0,0,0,0,0,0,0,0,0,0,0,0,0,0,0,0,0,0,0,0,0,0,0,0,0,0,0,0,0,0,0,0,0,0,0,0,0,0,0,0,0,0,0,0,0,0,0,0,0,0,0,0,0,0,0,0,0,0,0,0,0,0,0,0,0,0,0,0,0,0,0,0,0,0,0,0
0,0,0,0,0,0,0,0,0,0,0,0,0,0,0,0,0,0,0,0,0,0,0,0,0,0,0,0,0,0,0,0,0,0,0,0,0,0,0,0,0,0,0,0,0,0,0,0,0,0,0,0,0,0,0,0,0,0,0,0,0,0,0,0,0,0,0,0,0,0,0,0,0,0,0,0,0,0,0,0,0,0,0,0,0,0,0,0,0,0,0,0,0,0,0,0,0,0,0,0
0,0,0,0,0,0,0,0,0,0,0,0,0,0,0,0,0,0,0,0,0,0,0,0,0,0,0,0,0,0,0,0,0,0,0,0,0,0,0,0,0,0,0,0,0,0,0,0,0,0,0,0,0,0,0,0,0,0,0,0,0,0,0,0,0,0,0,0,0,0,0,0,0,0,0,0,0,0,0,0,0,0,0,0,0,0,0,0,0,0,0,0,0,0,0,0,0,0,0,0
0,0,0,0,0,0,0,0,0,0,0,0,0,0,0,0,0,0,0,0,0,0,0,0,0,0,0,0,0,0,0,0,0,0,0,0,0,0,0,0,0,0,0,0,0,0,0,0,0,0,0,0,0,0,0,0,0,0,0,0,0,0,0,0,0,0,0,0,0,0,0,0,0,0,0,0,0,0,0,0,0,0,0,0,0,0,0,0,0,0,0,0,0,0,0,0,0,0,0,0
0,0,0,0,0,0,0,0,0,0,0,0,0,0,0,0,0,0,0,0,0,0,0,0,0,0,0,0,0,0,0,0,0,0,0,0,0,0,0,0,0,0,0,0,0,0,0,0,0,0,0,0,0,0,0,0,0,0,0,0,0,0,0,0,0,0,0,0,0,0,0,0,0,0,0,0,0,0,0,0,0,0,0,0,0,0,0,0,0,0,0,0,0,0,0,0,0,0,0,0
0,0,0,0,0,0,0,0,0,0,0,0,0,0,0,0,0,0,0,0,0,0,0,0,0,0,0,0,0,0,0,0,0,0,0,0,0,0,0,0,0,0,0,0,0,0,0,0,0,0,0,0,0,0,0,0,0,0,0,0,0,0,0,0,0,0,0,0,0,0,0,0,0,0,0,0,0,0,0,0,0,0,0,0,0,0,0,0,0,0,0,0,0,0,0,0,0,0,0,0
0,0,0,0,0,0,0,0,0,0,0,0,0,0,0,0,0,0,0,0,0,0,0,0,0,0,0,0,0,0,0,0,0,0,0,0,0,0,0,0,0,0,0,0,0,0,0,0,0,0,0,0,0,0,0,0,0,0,0,0,0,0,0,0,0,0,0,0,0,0,0,0,0,0,0,0,0,0,0,0,0,0,0,0,0,0,0,0,0,0,0,0,0,0,0,0,0,0,0,0
0,0,0,0,0,0,0,0,0,0,0,0,0,0,0,0,0,0,0,0,0,0,0,0,0,0,0,0,0,0,0,0,0,0,0,0,0,0,0,0,0,0,0,0,0,0,0,0,0,0,0,0,0,0,0,0,0,0,0,0,0,0,0,0,0,0,0,0,0,0,0,0,0,0,0,0,0,0,0,0,0,0,0,0,0,0,0,0,0,0,0,0,0,0,0,0,0,0,0,0
913,1660,614,826,0,0,2,1002,1447,1207,777,0,927,0,0,0,777,1184,1665,113,0,913,1654,1408,1676,1372,898,778,880,0,783,0,2,0,1566,0,1360,0,0,1421,1473,1635,0,0,1113,0,0,950,605,991,0,945,869,913,871,0,1198,0,834,1014,1667,0,822,1677,1132,484,1662,0,1562,0,1408,0,1665,1360,1654,721,0,764,913,0,0,0,4,0,1653,0,1586,1676,572,892,883,0,0,1099,0,924,0,0,1465,180
0,0,0,0,201,204,0,0,0,0,0,22,0,1230,278,0,0,0,0,0,1046,0,0,0,0,0,0,0,0,0,0,0,0,0,0,125,0,103,191,0,0,0,84,56,0,1041,125,0,0,0,0,0,0,0,0,1029,0,1039,0,0,0,278,0,0,0,0,0,389,0,0,0,983,0,0,0,0,140,0,0,0,2,125,0,0,0,227,0,0,0,0,0,43,1022,0,43,0,94,1025,0,0
0,0,0,0,0,0,0,0,0,0,0,0,0,0,0,0,0,0,0,0,0,0,0,0,0,0,0,0,0,0,0,0,0,0,0,0,0,0,0,0,0,0,0,0,0,0,0,0,0,0,0,0,0,0,0,0,0,0,0,0,0,0,0,0,0,0,0,0,0,0,0,0,0,0,0,0,0,0,0,0,0,0,0,0,0,0,0,0,0,0,0,0,0,0,0,0,0,0,0,0
0,0,0,0,0,0,0,0,0,0,0,0,0,0,0,0,0,0,0,0,0,0,0,0,0,0,0,0,0,0,0,0,0,0,0,0,0,0,0,0,0,0,0,0,0,0,0,0,0,0,0,0,0,0,0,0,0,0,0,0,0,0,0,0,0,0,0,0,0,0,0,0,0,0,0,0,0,0,0,0,0,0,0,0,0,0,0,0,0,0,0,0,0,0,0,0,0,0,0,0
0,0,0,0,0,0,0,0,0,0,0,0,0,0,0,0,0,0,0,0,0,0,0,0,0,0,0,0,0,0,0,0,0,0,0,0,0,0,0,0,0,0,0,0,0,0,0,0,0,0,0,0,0,0,0,0,0,0,0,0,0,0,0,0,0,0,0,0,0,0,0,0,0,0,0,0,0,0,0,0,0,0,0,0,0,0,0,0,0,0,0,0,0,0,0,0,0,0,0,0
0,0,0,0,0,0,0,0,0,0,0,0,0,0,0,0,0,0,0,0,0,0,0,0,0,0,0,0,0,0,0,0,0,0,0,0,0,0,0,0,0,0,0,0,0,0,0,0,0,0,0,0,0,0,0,0,0,0,0,0,0,0,0,0,0,0,0,0,0,0,0,0,0,0,0,0,0,0,0,0,0,0,0,0,0,0,0,0,0,0,0,0,0,0,0,0,0,0,0,0
0,0,0,0,0,0,0,0,0,0,0,0,0,0,0,0,0,0,0,0,0,0,0,0,0,0,0,0,0,0,0,0,0,0,0,0,0,0,0,0,0,0,0,0,0,0,0,0,0,0,0,0,0,0,0,0,0,0,0,0,0,0,0,0,0,0,0,0,0,0,0,0,0,0,0,0,0,0,0,0,0,0,0,0,0,0,0,0,0,0,0,0,0,0,0,0,0,0,0,0
0,0,0,0,0,0,0,0,0,0,0,0,0,0,0,0,0,0,0,0,0,0,0,0,0,0,0,0,0,0,0,0,0,0,0,0,0,0,0,0,0,0,0,0,0,0,0,0,0,0,0,0,0,0,0,0,0,0,0,0,0,0,0,0,0,0,0,0,0,0,0,0,0,0,0,0,0,0,0,0,0,0,0,0,0,0,0,0,0,0,0,0,0,0,0,0,0,0,0,0
0,0,0,0,0,0,0,0,0,0,0,0,0,0,0,0,0,0,0,0,0,0,0,0,0,0,0,0,0,0,0,0,0,0,0,0,0,0,0,0,0,0,0,0,0,0,0,0,0,0,0,0,0,0,0,0,0,0,0,0,0,0,0,0,0,0,0,0,0,0,0,0,0,0,0,0,0,0,0,0,0,0,0,0,0,0,0,0,0,0,0,0,0,0,0,0,0,0,0,0
0,0,0,0,0,0,0,0,0,0,0,0,0,0,0,0,0,0,0,0,0,0,0,0,0,0,0,0,0,0,0,0,0,0,0,0,0,0,0,0,0,0,0,0,0,0,0,0,0,0,0,0,0,0,0,0,0,0,0,0,0,0,0,0,0,0,0,0,0,0,0,0,0,0,0,0,0,0,0,0,0,0,0,0,0,0,0,0,0,0,0,0,0,0,0,0,0,0,0,0
0,0,0,0,0,0,0,0,0,0,0,0,0,0,0,0,0,0,0,0,0,0,0,0,0,0,0,0,0,0,0,0,0,0,0,0,0,0,0,0,0,0,0,0,0,0,0,0,0,0,0,0,0,0,0,0,0,0,0,0,0,0,0,0,0,0,0,0,0,0,0,0,0,0,0,0,0,0,0,0,0,0,0,0,0,0,0,0,0,0,0,0,0,0,0,0,0,0,0,0
0,0,0,0,0,0,0,0,0,0,0,0,0,0,0,0,0,0,0,0,0,0,0,0,0,0,0,0,0,0,0,0,0,0,0,0,0,0,0,0,0,0,0,0,0,0,0,0,0,0,0,0,0,0,0,0,0,0,0,0,0,0,0,0,0,0,0,0,0,0,0,0,0,0,0,0,0,0,0,0,0,0,0,0,0,0,0,0,0,0,0,0,0,0,0,0,0,0,0,0
0,0,0,0,0,0,0,0,0,0,0,0,0,0,0,0,0,0,0,0,0,0,0,0,0,0,0,0,0,0,0,0,0,0,0,0,0,0,0,0,0,0,0,0,0,0,0,0,0,0,0,0,0,0,0,0,0,0,0,0,0,0,0,0,0,0,0,0,0,0,0,0,0,0,0,0,0,0,0,0,0,0,0,0,0,0,0,0,0,0,0,0,0,0,0,0,0,0,0,0
0,0,0,0,0,0,0,0,0,0,0,0,0,0,0,0,0,0,0,0,0,0,0,0,0,0,0,0,0,0,0,0,0,0,0,0,0,0,0,0,0,0,0,0,0,0,0,0,0,0,0,0,0,0,0,0,0,0,0,0,0,0,0,0,0,0,0,0,0,0,0,0,0,0,0,0,0,0,0,0,0,0,0,0,0,0,0,0,0,0,0,0,0,0,0,0,0,0,0,0
0,0,0,0,0,0,0,0,0,0,0,0,0,0,0,0,0,0,0,0,0,0,0,0,0,0,0,0,0,0,0,0,0,0,0,0,0,0,0,0,0,0,0,0,0,0,0,0,0,0,0,0,0,0,0,0,0,0,0,0,0,0,0,0,0,0,0,0,0,0,0,0,0,0,0,0,0,0,0,0,0,0,0,0,0,0,0,0,0,0,0,0,0,0,0,0,0,0,0,0
0,0,0,0,0,0,0,0,0,0,0,0,0,0,0,0,0,0,0,0,0,0,0,0,0,0,0,0,0,0,0,0,0,0,0,0,0,0,0,0,0,0,0,0,0,0,0,0,0,0,0,0,0,0,0,0,0,0,0,0,0,0,0,0,0,0,0,0,0,0,0,0,0,0,0,0,0,0,0,0,0,0,0,0,0,0,0,0,0,0,0,0,0,0,0,0,0,0,0,0
0,0,0,0,0,0,0,0,0,0,0,0,0,0,0,0,0,0,0,0,0,0,0,0,0,0,0,0,0,0,0,0,0,0,0,0,0,0,0,0,0,0,0,0,0,0,0,0,0,0,0,0,0,0,0,0,0,0,0,0,0,0,0,0,0,0,0,0,0,0,0,0,0,0,0,0,0,0,0,0,0,0,0,0,0,0,0,0,0,0,0,0,0,0,0,0,0,0,0,0
0,0,0,0,0,0,0,0,0,0,0,0,0,0,0,0,0,0,0,0,0,0,0,0,0,0,0,0,0,0,0,0,0,0,0,0,0,0,0,0,0,0,0,0,0,0,0,0,0,0,0,0,0,0,0,0,0,0,0,0,0,0,0,0,0,0,0,0,0,0,0,0,0,0,0,0,0,0,0,0,0,0,0,0,0,0,0,0,0,0,0,0,0,0,0,0,0,0,0,0
0,0,0,0,0,0,0,0,0,0,0,0,0,0,0,0,0,0,0,0,0,0,0,0,0,0,0,0,0,0,0,0,0,0,0,0,0,0,0,0,0,0,0,0,0,0,0,0,0,0,0,0,0,0,0,0,0,0,0,0,0,0,0,0,0,0,0,0,0,0,0,0,0,0,0,0,0,0,0,0,0,0,0,0,0,0,0,0,0,0,0,0,0,0,0,0,0,0,0,0
